test_loss,accuracy,f1score,precision,recall,accuracy_per_0,accuracy_per_1,accuracy_per_2,accuracy_per_3,accuracy_per_4,accuracy_per_5,accuracy_per_6,accuracy_per_7,accuracy_per_8,accuracy_per_9,node_id,epoch
2.603370374821602,0.105,0.019021739130434784,0.010514018691588784,0.09968354430379747,0.0,0.0,0.0,0.0,0.0,0.9968354430379747,0.0,0.0,0.0,0.0,4,0
2.627942603953341,0.087,0.016027018728891618,0.008711615487316422,0.1,0.0,0.0,0.0,0.0,0.0,1.0,0.0,0.0,0.0,0.0,1,0
2.5967910936538208,0.10033333333333333,0.018824792809618303,0.026686706746826987,0.0999812537102032,0.0,0.0,0.003134796238244514,0.0,0.0,0.9966777408637874,0.0,0.0,0.0,0.0,0,0
2.616462377791709,0.09866666666666667,0.01799392097264438,0.009886439545758182,0.1,0.0,0.0,0.0,0.0,0.0,1.0,0.0,0.0,0.0,0.0,3,0
2.6094786613545518,0.099,0.018027314112291352,0.00990660440293529,0.1,0.0,0.0,0.0,0.0,0.0,1.0,0.0,0.0,0.0,0.0,2,0
1.7277272673363382,0.3923333333333333,0.39292143799241674,0.4579901451640246,0.392651459408204,0.3614864864864865,0.45964912280701753,0.5391849529780565,0.4421052631578947,0.13666666666666666,0.4584717607973422,0.2098360655737705,0.46689895470383275,0.47333333333333333,0.37888198757763975,0,1
1.640918087452016,0.4023333333333333,0.3766868597802756,0.4488983082504781,0.40114031733537925,0.3215434083601286,0.8305084745762712,0.178125,0.4,0.3776223776223776,0.15708812260536398,0.6699029126213593,0.4405594405594406,0.5159235668789809,0.12012987012987013,1,1
1.6101376306503377,0.41133333333333333,0.38951706182295287,0.42899116411393495,0.4090042346189094,0.4379310344827586,0.5615141955835962,0.30584192439862545,0.03870967741935484,0.12121212121212122,0.48148148148148145,0.38636363636363635,0.7138263665594855,0.5399361022364217,0.5032258064516129,2,1
1.6851932482516512,0.3923333333333333,0.3769483404105868,0.44878812137276586,0.39211762683372253,0.47474747474747475,0.6737160120845922,0.6341463414634146,0.36363636363636365,0.10034602076124567,0.12974683544303797,0.29372937293729373,0.27835051546391754,0.6382978723404256,0.3344594594594595,4,1
1.6277898952681968,0.421,0.41858343270809917,0.4595474702978256,0.41917776312717736,0.3569230769230769,0.6325878594249201,0.33948339483394835,0.3580645161290323,0.28013029315960913,0.40202702702702703,0.25,0.6020066889632107,0.5098039215686274,0.46075085324232085,3,1
1.6542669604433344,0.415,0.3952905914600807,0.4613997053604069,0.41525548133376694,0.2962962962962963,0.6344410876132931,0.4529616724738676,0.4675324675324675,0.1384083044982699,0.12025316455696203,0.41914191419141916,0.36769759450171824,0.7659574468085106,0.48986486486486486,4,2
1.5482632390996243,0.4613333333333333,0.4639056843020904,0.48595513495182974,0.46005671581010554,0.39692307692307693,0.6006389776357828,0.4059040590405904,0.3419354838709677,0.5765472312703583,0.3952702702702703,0.3964285714285714,0.5183946488294314,0.5555555555555556,0.4129692832764505,3,2
1.693970892657625,0.422,0.42462426182802043,0.5177766276697365,0.4214326112857803,0.40540540540540543,0.5087719298245614,0.5329153605015674,0.3263157894736842,0.17,0.6345514950166113,0.18688524590163935,0.4634146341463415,0.5233333333333333,0.46273291925465837,0,2
1.5863724715532141,0.43166666666666664,0.41877109590881767,0.4668308401200427,0.43143379044324925,0.4919614147909968,0.8406779661016949,0.2,0.34516129032258064,0.486013986013986,0.19540229885057472,0.517799352750809,0.4965034965034965,0.4713375796178344,0.2694805194805195,1,2
1.6148823731123132,0.423,0.3897761040944116,0.4515636887283779,0.41904717261377533,0.5344827586206896,0.6529968454258676,0.2920962199312715,0.041935483870967745,0.05387205387205387,0.4276094276094276,0.3143939393939394,0.7813504823151125,0.5207667731629393,0.5709677419354838,2,2
1.5032640200980165,0.4633333333333333,0.45723581631730015,0.4930415181952631,0.46275611081128887,0.4006734006734007,0.676737160120846,0.5261324041811847,0.5162337662337663,0.22145328719723184,0.19936708860759494,0.48514851485148514,0.45017182130584193,0.6347517730496454,0.5168918918918919,4,3
1.6051847253074036,0.4493333333333333,0.4467226955541103,0.5106756293468772,0.44957630740813437,0.4594594594594595,0.5789473684210527,0.5611285266457681,0.3684210526315789,0.22,0.48172757475083056,0.19344262295081968,0.5993031358885017,0.5333333333333333,0.5,0,3
1.5094662460875004,0.4713333333333333,0.47442598594429547,0.5163415193879702,0.47186215851670854,0.4461538461538462,0.7507987220447284,0.6383763837638377,0.3032258064516129,0.41368078175895767,0.28378378378378377,0.4607142857142857,0.48494983277591974,0.5751633986928104,0.36177474402730375,3,3
1.543273353830297,0.46366666666666667,0.45718025736405854,0.4909758407559444,0.46195171422405723,0.4533762057877814,0.6847457627118644,0.33125,0.36774193548387096,0.5629370629370629,0.19540229885057472,0.6084142394822006,0.506993006993007,0.5222929936305732,0.38636363636363635,1,3
1.4687881618738174,0.48133333333333334,0.46493160513280285,0.49381044575970623,0.4790106419387506,0.4896551724137931,0.6908517350157729,0.3711340206185567,0.13225806451612904,0.2053872053872054,0.3939393939393939,0.5151515151515151,0.752411575562701,0.6038338658146964,0.635483870967742,2,3
1.5544161609512694,0.46166666666666667,0.4343279927383554,0.4758487511716639,0.4590241104638313,0.5344827586206896,0.8201892744479495,0.27147766323024053,0.13870967741935483,0.10774410774410774,0.35353535353535354,0.5303030303030303,0.729903536977492,0.597444089456869,0.5064516129032258,2,4
1.507173847644887,0.479,0.4744795075186124,0.4941039975036389,0.4791786004266664,0.47266881028938906,0.752542372881356,0.309375,0.4,0.47202797202797203,0.30268199233716475,0.47896440129449835,0.6398601398601399,0.5318471337579618,0.4318181818181818,1,4
1.5426737098617758,0.4706666666666667,0.4741707599505219,0.5313281578026467,0.47154374853024034,0.527027027027027,0.6982456140350877,0.6112852664576802,0.3894736842105263,0.26666666666666666,0.5448504983388704,0.3377049180327869,0.43902439024390244,0.5533333333333333,0.34782608695652173,0,4
1.437464458035662,0.49933333333333335,0.4990059888689071,0.5185306468949308,0.49880917393780766,0.49846153846153846,0.7699680511182109,0.5276752767527675,0.31290322580645163,0.501628664495114,0.3918918918918919,0.49642857142857144,0.5518394648829431,0.49019607843137253,0.447098976109215,3,4
1.5187729042261204,0.4786666666666667,0.48295618777836785,0.5393709054460429,0.4791715890048116,0.3939393939393939,0.5861027190332326,0.6097560975609756,0.5746753246753247,0.2768166089965398,0.22468354430379747,0.5247524752475248,0.47079037800687284,0.6099290780141844,0.5202702702702703,4,4
1.528899740031425,0.48,0.4805903228765683,0.542065556327473,0.4792400196856101,0.4478114478114478,0.6525679758308157,0.6097560975609756,0.5032467532467533,0.2422145328719723,0.2468354430379747,0.5016501650165016,0.39862542955326463,0.5106382978723404,0.6790540540540541,4,5
1.4783373013772863,0.499,0.48097114540937713,0.5132087985477439,0.49780113135689935,0.5758620689655173,0.8170347003154574,0.42955326460481097,0.12258064516129032,0.2760942760942761,0.45791245791245794,0.5416666666666666,0.7395498392282959,0.4984025559105431,0.5193548387096775,2,5
1.5142563365875406,0.489,0.48589519269011694,0.5162231555546681,0.4867204647993965,0.5048231511254019,0.7627118644067796,0.4375,0.3903225806451613,0.5314685314685315,0.24904214559386972,0.49838187702265374,0.46853146853146854,0.5796178343949044,0.4448051948051948,1,5
1.4507986107405195,0.49966666666666665,0.5058431711123256,0.5378540326548918,0.5004301394267036,0.49230769230769234,0.6996805111821086,0.6273062730627307,0.3548387096774194,0.3583061889250814,0.44932432432432434,0.4607142857142857,0.5484949832775919,0.545751633986928,0.46757679180887374,3,5
1.5399463030886142,0.4856666666666667,0.4844364041066459,0.5395008691492251,0.48607208805266866,0.3952702702702703,0.5649122807017544,0.5015673981191222,0.312280701754386,0.25666666666666665,0.6411960132890365,0.35081967213114756,0.6759581881533101,0.69,0.4720496894409938,0,5
1.4855330798854218,0.49533333333333335,0.48078209252010773,0.5244061389046264,0.4940230995258091,0.5517241379310345,0.5425867507886435,0.38144329896907214,0.1064516129032258,0.265993265993266,0.5791245791245792,0.49242424242424243,0.7620578778135049,0.6293929712460063,0.6290322580645161,2,6
1.4714503117064213,0.5126666666666667,0.5157806821041571,0.5495313484764605,0.5127666786102961,0.5135135135135135,0.5754385964912281,0.5360501567398119,0.39649122807017545,0.3433333333333333,0.48172757475083056,0.38688524590163936,0.5853658536585366,0.7933333333333333,0.515527950310559,0,6
1.434391922456153,0.5176666666666667,0.524442681368799,0.545608867810734,0.5177047699494396,0.49846153846153846,0.6325878594249201,0.5276752767527675,0.3774193548387097,0.4592833876221498,0.49324324324324326,0.49642857142857144,0.6020066889632107,0.5882352941176471,0.5017064846416383,3,6
1.5220814229960138,0.486,0.492083397218542,0.5477891313402552,0.4866326362432667,0.39057239057239057,0.5861027190332326,0.554006968641115,0.5357142857142857,0.4117647058823529,0.19936708860759494,0.570957095709571,0.4570446735395189,0.5425531914893617,0.6182432432432432,4,6
1.6002421968794884,0.466,0.4669323651625644,0.5180316428214595,0.4656716353283959,0.4565916398713826,0.7254237288135593,0.384375,0.2903225806451613,0.7202797202797203,0.26053639846743293,0.459546925566343,0.3986013986013986,0.5,0.461038961038961,1,6
1.502745678450199,0.5093333333333333,0.5188551548421015,0.556002501008101,0.5093528871094172,0.49324324324324326,0.6456140350877193,0.5987460815047022,0.42105263157894735,0.35333333333333333,0.4750830564784053,0.40327868852459015,0.5296167247386759,0.6766666666666666,0.4968944099378882,0,7
1.4456702657836549,0.525,0.5278045507950152,0.5449894879064049,0.524567302650496,0.49846153846153846,0.597444089456869,0.4022140221402214,0.3225806451612903,0.504885993485342,0.6081081081081081,0.5214285714285715,0.5919732441471572,0.6013071895424836,0.5972696245733788,3,7
1.4962541090047106,0.5066666666666667,0.4991358495941557,0.5261065515323688,0.5045077987840931,0.44694533762057875,0.6779661016949152,0.459375,0.3225806451612903,0.5384615384615384,0.23754789272030652,0.5080906148867314,0.6538461538461539,0.7197452229299363,0.4805194805194805,1,7
1.4830752804558327,0.5163333333333333,0.5011151615569005,0.5438428592429503,0.5169809809459651,0.5758620689655173,0.7034700315457413,0.5532646048109966,0.17096774193548386,0.15151515151515152,0.5185185185185185,0.6590909090909091,0.5852090032154341,0.6357827476038339,0.6161290322580645,2,7
1.5386291282608153,0.503,0.5048256135195861,0.5561581889662531,0.5036451897752761,0.531986531986532,0.6737160120845922,0.6829268292682927,0.461038961038961,0.3356401384083045,0.18670886075949367,0.5082508250825083,0.46735395189003437,0.5638297872340425,0.625,4,7
1.6600984464934532,0.49133333333333334,0.4973386597466267,0.5455119792819592,0.4939038601913134,0.4707692307692308,0.6805111821086262,0.6457564575645757,0.3032258064516129,0.3355048859934853,0.4831081081081081,0.575,0.5852842809364549,0.3888888888888889,0.4709897610921502,3,8
1.597933476592632,0.497,0.5037742691027215,0.5676396207340563,0.49734114627527537,0.41414141414141414,0.6706948640483383,0.6829268292682927,0.474025974025974,0.3494809688581315,0.2468354430379747,0.5115511551155115,0.39862542955326463,0.6170212765957447,0.6081081081081081,4,8
1.5114504720302337,0.5166666666666667,0.500187253266634,0.527406446674509,0.5157935741108967,0.506896551724138,0.6908517350157729,0.31958762886597936,0.15161290322580645,0.2760942760942761,0.5824915824915825,0.6287878787878788,0.7363344051446945,0.5878594249201278,0.6774193548387096,2,8
1.5874056239077385,0.49933333333333335,0.4984372383971696,0.5305679584159313,0.49651620065566143,0.4662379421221865,0.7186440677966102,0.540625,0.45483870967741935,0.4405594405594406,0.2835249042145594,0.37540453074433655,0.5314685314685315,0.6019108280254777,0.551948051948052,1,8
1.4927742046878694,0.5196666666666667,0.5202513443744604,0.5388918346351841,0.521666451580103,0.5844594594594594,0.6947368421052632,0.49843260188087773,0.45263157894736844,0.32,0.4850498338870432,0.6196721311475409,0.5505226480836237,0.6633333333333333,0.34782608695652173,0,8
1.6558068515138422,0.48533333333333334,0.4896358563011818,0.5552436837042682,0.48649993170137584,0.4276923076923077,0.7380191693290735,0.5645756457564576,0.33548387096774196,0.3485342019543974,0.5743243243243243,0.42142857142857143,0.568561872909699,0.3300653594771242,0.5563139931740614,3,9
1.5612050745081394,0.5276666666666666,0.5035589888960753,0.5252355485813752,0.5270893269113673,0.6517241379310345,0.7697160883280757,0.281786941580756,0.15806451612903225,0.2053872053872054,0.5286195286195287,0.678030303030303,0.6559485530546624,0.6996805111821086,0.6419354838709678,2,9
1.6910631897601676,0.49166666666666664,0.48742302072677984,0.5481815634679588,0.4904082384232029,0.5420875420875421,0.8338368580060423,0.686411149825784,0.32792207792207795,0.3494809688581315,0.2310126582278481,0.4752475247524752,0.32989690721649484,0.5673758865248227,0.5608108108108109,4,9
1.5887362516306816,0.503,0.51196470173425,0.5467591486998993,0.5041777575186089,0.5236486486486487,0.6035087719298246,0.4952978056426332,0.4666666666666667,0.2833333333333333,0.5182724252491694,0.45901639344262296,0.6097560975609756,0.6133333333333333,0.468944099378882,0,9
1.5893244851142803,0.48633333333333334,0.48049025785582444,0.5282248612052669,0.48469655070458717,0.4694533762057878,0.8,0.3625,0.47096774193548385,0.5874125874125874,0.2567049808429119,0.5016181229773463,0.4370629370629371,0.6560509554140127,0.3051948051948052,1,9
1.6155679457365197,0.5023333333333333,0.49725099496934294,0.5193127944793946,0.5002134731966655,0.40836012861736337,0.735593220338983,0.453125,0.38387096774193546,0.493006993006993,0.2988505747126437,0.4336569579288026,0.5209790209790209,0.732484076433121,0.5422077922077922,1,10
1.643554596190757,0.501,0.49702719815334556,0.5507024207943748,0.501731117492879,0.3838383838383838,0.6586102719033232,0.4076655052264808,0.6461038961038961,0.4013840830449827,0.19936708860759494,0.41914191419141916,0.46735395189003437,0.8156028368794326,0.6182432432432432,4,10
1.5944833527220057,0.5143333333333333,0.5164545677580582,0.5507296528216726,0.5149837512182186,0.6081081081081081,0.5824561403508772,0.5611285266457681,0.44912280701754387,0.2633333333333333,0.46511627906976744,0.4098360655737705,0.6376306620209059,0.67,0.5031055900621118,0,10
1.603266309233422,0.5256666666666666,0.5117387792329147,0.5439700105539609,0.5270888599129411,0.5413793103448276,0.7381703470031545,0.3848797250859107,0.12258064516129032,0.3468013468013468,0.5925925925925926,0.7424242424242424,0.5401929260450161,0.6070287539936102,0.6548387096774193,2,10
1.7674584455312567,0.4806666666666667,0.49235565356020927,0.5730452788437127,0.4850886663773709,0.47692307692307695,0.6230031948881789,0.7896678966789668,0.3096774193548387,0.25732899022801303,0.30743243243243246,0.5928571428571429,0.43478260869565216,0.434640522875817,0.6245733788395904,3,10
1.5666566893775413,0.5346666666666666,0.5393445532346886,0.5592131852579658,0.5351644789995638,0.5815384615384616,0.5942492012779552,0.5756457564575646,0.3,0.43973941368078173,0.5168918918918919,0.5142857142857142,0.6220735785953178,0.6372549019607843,0.5699658703071673,3,11
1.6957875195335834,0.5036666666666667,0.5059152578196408,0.5727222779502291,0.5049609686306604,0.5540540540540541,0.631578947368421,0.6269592476489029,0.5333333333333333,0.18333333333333332,0.4219269102990033,0.35737704918032787,0.6376306620209059,0.65,0.453416149068323,0,11
1.5649390448915197,0.5296666666666666,0.5159430933477289,0.5473302371784741,0.5304677253016022,0.6172413793103448,0.7192429022082019,0.42955326460481097,0.16774193548387098,0.24915824915824916,0.6161616161616161,0.6856060606060606,0.5659163987138264,0.7476038338658147,0.5064516129032258,2,11
1.5926652579231466,0.5153333333333333,0.5094458352570785,0.5346417937999576,0.5125686191798536,0.43729903536977494,0.711864406779661,0.421875,0.4290322580645161,0.4755244755244755,0.25287356321839083,0.4919093851132686,0.5944055944055944,0.7070063694267515,0.6038961038961039,1,11
1.6210873220512207,0.5166666666666667,0.5176731750037137,0.5649810958082648,0.5159862336200445,0.4208754208754209,0.7099697885196374,0.47038327526132406,0.6525974025974026,0.3944636678200692,0.27531645569620256,0.46864686468646866,0.44673539518900346,0.7127659574468085,0.6081081081081081,4,11
1.653191497192738,0.5223333333333333,0.5122299785651906,0.5553673478783632,0.5175314393947891,0.5594855305466238,0.7627118644067796,0.45625,0.5161290322580645,0.4825174825174825,0.1532567049808429,0.44336569579288027,0.548951048951049,0.697452229299363,0.5551948051948052,1,12
1.5684195116479347,0.544,0.5431684425887072,0.5653422129920701,0.541855545278302,0.5292307692307693,0.8402555910543131,0.44649446494464945,0.3548387096774194,0.5635179153094463,0.4831081081081081,0.5464285714285714,0.5852842809364549,0.6666666666666666,0.40273037542662116,3,12
1.6850918436304052,0.5313333333333333,0.5193306329044194,0.5492720866121886,0.5309875282637891,0.6241379310344828,0.7097791798107256,0.20962199312714777,0.2129032258064516,0.4074074074074074,0.6262626262626263,0.6401515151515151,0.6527331189710611,0.5559105431309904,0.6709677419354839,2,12
1.6577215432486636,0.527,0.5218155347672272,0.5476122049069901,0.5274195036374435,0.5709459459459459,0.6912280701754386,0.5141065830721003,0.2912280701754386,0.25333333333333335,0.5813953488372093,0.4491803278688525,0.6445993031358885,0.7533333333333333,0.5248447204968945,0,12
1.743753210344213,0.5056666666666667,0.5034071971522143,0.5595736719493117,0.5078940022434181,0.6195286195286195,0.5770392749244713,0.6411149825783972,0.5032467532467533,0.3771626297577855,0.1518987341772152,0.5082508250825083,0.3848797250859107,0.6773049645390071,0.6385135135135135,4,12
1.9152630326595712,0.49066666666666664,0.4946207870960152,0.5597512576286766,0.4904793068432851,0.5230769230769231,0.6006389776357828,0.46494464944649444,0.2838709677419355,0.5863192182410424,0.6385135135135135,0.5857142857142857,0.27424749163879597,0.5686274509803921,0.378839590443686,3,13
1.6729131578765017,0.503,0.4959095932824482,0.5384361368869963,0.49944986022522314,0.4533762057877814,0.7491525423728813,0.409375,0.45806451612903226,0.5594405594405595,0.19540229885057472,0.4368932038834951,0.45454545454545453,0.7165605095541401,0.5616883116883117,1,13
1.7570034382825201,0.5036666666666667,0.510960386001759,0.5582952863645185,0.5041620188716591,0.5168918918918919,0.6526315789473685,0.6677115987460815,0.4105263157894737,0.35,0.36212624584717606,0.3540983606557377,0.6515679442508711,0.6133333333333333,0.46273291925465837,0,13
1.8781253565499123,0.505,0.5116276429466617,0.5932232549885518,0.5048226561472331,0.31986531986531985,0.6253776435045317,0.5993031358885017,0.5909090909090909,0.3494809688581315,0.4272151898734177,0.42244224422442245,0.3917525773195876,0.7340425531914894,0.5878378378378378,4,13
1.7197717856219474,0.5273333333333333,0.5207127609963751,0.5416242028219689,0.5278838936707304,0.6172413793103448,0.6719242902208202,0.38831615120274915,0.2838709677419355,0.265993265993266,0.5959595959595959,0.6590909090909091,0.5980707395498392,0.5015974440894568,0.6967741935483871,2,13
1.8221130723014791,0.5036666666666667,0.4907606581324383,0.5509913637830912,0.5009829058123196,0.5176848874598071,0.7762711864406779,0.396875,0.5419354838709678,0.6818181818181818,0.19923371647509577,0.4045307443365696,0.45454545454545453,0.7707006369426752,0.2662337662337662,1,14
1.7768190855041464,0.515,0.505512134257328,0.5454137523126275,0.5159860911373298,0.5724137931034483,0.722397476340694,0.5670103092783505,0.0935483870967742,0.3367003367003367,0.5824915824915825,0.6022727272727273,0.4790996784565916,0.5942492012779552,0.6096774193548387,2,14
1.7209177911281586,0.5363333333333333,0.5373763377354029,0.5564065223851824,0.5368075475200124,0.6246153846153846,0.5718849840255591,0.5608856088560885,0.25161290322580643,0.4495114006514658,0.5371621621621622,0.5892857142857143,0.6254180602006689,0.6764705882352942,0.4812286689419795,3,14
1.7903730828077236,0.5256666666666666,0.5251299580246137,0.5627834038967217,0.5261268956272407,0.46464646464646464,0.6978851963746223,0.6445993031358885,0.38311688311688313,0.4083044982698962,0.2974683544303797,0.6798679867986799,0.39862542955326463,0.7056737588652482,0.581081081081081,4,14
1.6391719535310219,0.5466666666666666,0.5512487512004566,0.5654864221459187,0.547357141976463,0.5709459459459459,0.6877192982456141,0.5109717868338558,0.47719298245614034,0.4266666666666667,0.38205980066445183,0.5540983606557377,0.5853658536585366,0.7133333333333334,0.5652173913043478,0,14
1.8306993131941938,0.5316666666666666,0.527725349740265,0.5575350421585596,0.5309270386630172,0.6338461538461538,0.6357827476038339,0.4612546125461255,0.1967741935483871,0.39087947882736157,0.4864864864864865,0.5107142857142857,0.782608695652174,0.630718954248366,0.5802047781569966,3,15
1.7664926632287654,0.52,0.5146653667980534,0.5472505709790483,0.5185559973931271,0.5401929260450161,0.6542372881355932,0.271875,0.4258064516129032,0.6748251748251748,0.23754789272030652,0.5210355987055016,0.5944055944055944,0.697452229299363,0.5681818181818182,1,15
1.8459768853289016,0.5166666666666667,0.5236250892866929,0.5714318094306939,0.5187417618546526,0.5675675675675675,0.8105263157894737,0.6112852664576802,0.49473684210526314,0.39666666666666667,0.36212624584717606,0.49836065573770494,0.5470383275261324,0.5233333333333333,0.37577639751552794,0,15
1.8088530355945547,0.5233333333333333,0.5091542021744799,0.525510917841407,0.5226890193826617,0.4827586206896552,0.7318611987381703,0.3127147766323024,0.1870967741935484,0.31313131313131315,0.5420875420875421,0.678030303030303,0.6430868167202572,0.6006389776357828,0.7354838709677419,2,15
1.8551921860334721,0.5133333333333333,0.5107660134160554,0.5846361595953783,0.5157510104149379,0.3838383838383838,0.5589123867069486,0.6027874564459931,0.6655844155844156,0.4359861591695502,0.14556962025316456,0.5181518151815182,0.39862542955326463,0.7588652482269503,0.6891891891891891,4,15
1.9254155349224171,0.49466666666666664,0.4835955632986737,0.5434325705428854,0.49426199755365835,0.5594855305466238,0.8067796610169492,0.19375,0.3064516129032258,0.6573426573426573,0.22988505747126436,0.6051779935275081,0.5314685314685315,0.6496815286624203,0.4025974025974026,1,16
1.8725112527608871,0.5103333333333333,0.5128365930302695,0.5605819954208926,0.5114333598653591,0.3501683501683502,0.5770392749244713,0.4634146341463415,0.6331168831168831,0.4982698961937716,0.29430379746835444,0.5412541254125413,0.4261168384879725,0.776595744680851,0.5540540540540541,4,16
1.8246620246704588,0.5293333333333333,0.5277037065811263,0.5534059517137324,0.5294538551989518,0.6215384615384615,0.6006389776357828,0.5461254612546126,0.22580645161290322,0.3713355048859935,0.5777027027027027,0.49642857142857144,0.7090301003344481,0.6339869281045751,0.5119453924914675,3,16
1.867861676723399,0.535,0.5203933705998249,0.5668959956573857,0.5368185639696588,0.6379310344827587,0.6246056782334385,0.32646048109965636,0.1870967741935484,0.24242424242424243,0.6531986531986532,0.7651515151515151,0.6430868167202572,0.549520766773163,0.7387096774193549,2,16
1.8983732642645532,0.502,0.5025071546962063,0.5271161693285562,0.5043737251160554,0.4864864864864865,0.743859649122807,0.4952978056426332,0.4280701754385965,0.2733333333333333,0.34551495016611294,0.5606557377049181,0.6794425087108014,0.6366666666666667,0.3944099378881988,0,16
1.7924076944906662,0.5356666666666666,0.5330560436895005,0.5549937099101513,0.5341870007666882,0.5369774919614148,0.7966101694915254,0.425,0.4290322580645161,0.3951048951048951,0.47509578544061304,0.6181229773462783,0.43356643356643354,0.7388535031847133,0.4935064935064935,1,17
1.7762718577968313,0.5313333333333333,0.5261536375753504,0.543578440686513,0.5318498148943482,0.5758620689655173,0.6529968454258676,0.36082474226804123,0.23225806451612904,0.3569023569023569,0.5959595959595959,0.6742424242424242,0.5337620578778135,0.645367412140575,0.6903225806451613,2,17
1.8331147874606417,0.5436666666666666,0.542485800482444,0.5666843383802079,0.5427308583830872,0.6430769230769231,0.6070287539936102,0.4870848708487085,0.22580645161290322,0.5309446254071661,0.47297297297297297,0.48928571428571427,0.6755852842809364,0.6470588235294118,0.6484641638225256,3,17
1.8792420074026635,0.5253333333333333,0.524706896815522,0.5429442639394215,0.5265546357022901,0.5709459459459459,0.7578947368421053,0.5360501567398119,0.3263157894736842,0.4166666666666667,0.43853820598006643,0.5114754098360655,0.5470383275261324,0.76,0.40062111801242234,0,17
1.9845258216274546,0.5003333333333333,0.5012265200525553,0.5658403061960781,0.5016817004000007,0.6801346801346801,0.4350453172205438,0.5853658536585366,0.5487012987012987,0.2664359861591695,0.27531645569620256,0.6006600660066007,0.41924398625429554,0.49645390070921985,0.7094594594594594,4,17
1.89714770526328,0.5233333333333333,0.5185134972866238,0.5526799844311344,0.5200445923514535,0.5916398713826366,0.7423728813559322,0.415625,0.45806451612903226,0.6118881118881119,0.24904214559386972,0.5048543689320388,0.4195804195804196,0.6878980891719745,0.5194805194805194,1,18
1.8755433965236583,0.5516666666666666,0.5523986094832225,0.5729124785721511,0.5526021663223887,0.6030769230769231,0.6996805111821086,0.6346863468634686,0.2967741935483871,0.4201954397394137,0.5101351351351351,0.5571428571428572,0.6989966555183946,0.5490196078431373,0.5563139931740614,3,18
1.893361989805039,0.5423333333333333,0.5391468378678902,0.5538131454681785,0.542577495356925,0.6620689655172414,0.6340694006309149,0.39862542955326463,0.24193548387096775,0.3569023569023569,0.6464646464646465,0.6098484848484849,0.6430868167202572,0.6134185303514377,0.6193548387096774,2,18
2.444118836458693,0.4663333333333333,0.4796159102206657,0.5751557912672338,0.4702747807233494,0.48986486486486486,0.6070175438596491,0.3385579937304075,0.43508771929824563,0.4533333333333333,0.7043189368770764,0.38688524590163936,0.5958188153310104,0.49,0.20186335403726707,0,18
2.051770807263699,0.5036666666666667,0.5112569357809061,0.5986305247766023,0.5026505794560803,0.531986531986532,0.5830815709969789,0.34843205574912894,0.788961038961039,0.31141868512110726,0.33544303797468356,0.45874587458745875,0.3161512027491409,0.7340425531914894,0.6182432432432432,4,18
1.8418366642708475,0.5516666666666666,0.5553647197180107,0.5795278627693032,0.553330707596868,0.6026936026936027,0.5891238670694864,0.6027874564459931,0.474025974025974,0.4532871972318339,0.31645569620253167,0.6600660066006601,0.4879725085910653,0.6914893617021277,0.6554054054054054,4,19
1.992172895593846,0.535,0.5432109366908804,0.5862069306118709,0.5343841021004826,0.6123076923076923,0.6805111821086262,0.6568265682656826,0.35161290322580646,0.5504885993485342,0.49324324324324326,0.42142857142857143,0.5351170568561873,0.5849673202614379,0.45733788395904434,3,19
2.0089079431713897,0.5256666666666666,0.516655806655697,0.5466459397797764,0.5250143989093605,0.4758842443729904,0.7898305084745763,0.303125,0.4774193548387097,0.5909090909090909,0.2988505747126437,0.4336569579288026,0.6328671328671329,0.7898089171974523,0.4577922077922078,1,19
1.9911745285734217,0.5313333333333333,0.5234500425001176,0.5540176239462269,0.5324093331890565,0.6275862068965518,0.5709779179810726,0.27835051546391754,0.3032258064516129,0.37373737373737376,0.4444444444444444,0.7462121212121212,0.6977491961414791,0.5463258785942492,0.7354838709677419,2,19
2.0956470119826336,0.5016666666666667,0.5083639671199769,0.5760544554066388,0.5026235504853265,0.6081081081081081,0.8140350877192982,0.664576802507837,0.312280701754386,0.42,0.3521594684385382,0.32786885245901637,0.5365853658536586,0.59,0.40062111801242234,0,19
2.046296982530584,0.5303333333333333,0.5306169234260144,0.5709213657182934,0.5284987604392614,0.5691318327974276,0.7389830508474576,0.34375,0.5516129032258065,0.6293706293706294,0.32950191570881227,0.4854368932038835,0.43006993006993005,0.7006369426751592,0.5064935064935064,1,20
1.9901038487540914,0.5286666666666666,0.5252572506534479,0.5729393112433632,0.5319160844777013,0.4983164983164983,0.40483383685800606,0.5644599303135889,0.4967532467532468,0.3217993079584775,0.3670886075949367,0.7062706270627063,0.46735395189003437,0.8368794326241135,0.6554054054054054,4,20
2.0070483858915087,0.5253333333333333,0.5255694986132671,0.5499842768961531,0.5261408986543014,0.625,0.6807017543859649,0.4012539184952978,0.4245614035087719,0.23333333333333334,0.53156146179402,0.6032786885245902,0.5714285714285714,0.6033333333333334,0.5869565217391305,0,20
1.990756649920281,0.552,0.5465591171715666,0.5658274562450331,0.5516831930968771,0.6,0.7284345047923323,0.5535055350553506,0.23225806451612904,0.49185667752442996,0.5506756756756757,0.5892857142857143,0.7190635451505016,0.6797385620915033,0.3720136518771331,3,20
1.9454687380410256,0.5363333333333333,0.5286253148624719,0.5651537763845138,0.5372365403320992,0.7241379310344828,0.750788643533123,0.32989690721649484,0.2806451612903226,0.2727272727272727,0.6262626262626263,0.6818181818181818,0.6077170418006431,0.5015974440894568,0.5967741935483871,2,20
2.1438549075354922,0.5083333333333333,0.5057279448067288,0.5515134209359706,0.5097956407444305,0.6205787781350482,0.7389830508474576,0.2125,0.4032258064516129,0.6818181818181818,0.4444444444444444,0.49838187702265374,0.43006993006993005,0.678343949044586,0.38961038961038963,1,21
2.007305198844443,0.5306666666666666,0.5242693649546596,0.5373161688955927,0.5324617869140817,0.668918918918919,0.7473684210526316,0.47962382445141066,0.28771929824561404,0.46,0.29900332225913623,0.6295081967213115,0.7212543554006968,0.5933333333333334,0.43788819875776397,0,21
2.319008965758567,0.51,0.49666845842949714,0.5664846411681702,0.508098650178793,0.49158249158249157,0.8398791540785498,0.6202090592334495,0.2922077922077922,0.15916955017301038,0.3829113924050633,0.5775577557755776,0.40893470790378006,0.7375886524822695,0.5709459459459459,4,21
2.093940369943355,0.5293333333333333,0.512679147601064,0.5632083689564956,0.5303842628671698,0.6827586206896552,0.6624605678233438,0.36769759450171824,0.15161290322580645,0.31313131313131315,0.6531986531986532,0.6401515151515151,0.6816720257234726,0.3801916932907348,0.7709677419354839,2,21
2.034974738321406,0.5406666666666666,0.5386835573978337,0.5637863157195868,0.5387574246376723,0.5969230769230769,0.7124600638977636,0.5129151291512916,0.33225806451612905,0.5830618892508144,0.3614864864864865,0.45,0.7023411371237458,0.6241830065359477,0.5119453924914675,3,21
2.0313958027895462,0.5456666666666666,0.5409356154579461,0.5631877047141507,0.5447516989872501,0.683076923076923,0.6932907348242812,0.5239852398523985,0.25483870967741934,0.50814332247557,0.33783783783783783,0.625,0.7123745819397993,0.6209150326797386,0.4880546075085324,3,22
1.9552525453110958,0.5596666666666666,0.5554591424074564,0.5680268080099429,0.5600283108736642,0.5827586206896552,0.7318611987381703,0.3917525773195876,0.2903225806451613,0.4175084175084175,0.5959595959595959,0.7083333333333334,0.6141479099678456,0.6773162939297125,0.5903225806451613,2,22
1.9638234414952866,0.5256666666666666,0.5211451349865548,0.5442360002839084,0.525253937131618,0.42443729903536975,0.6576271186440678,0.321875,0.42258064516129035,0.6328671328671329,0.3371647509578544,0.5857605177993528,0.6223776223776224,0.7770700636942676,0.4707792207792208,1,22
2.0564454213735903,0.5356666666666666,0.534417245917835,0.5686377353785671,0.5367005372885589,0.6182432432432432,0.8385964912280702,0.47962382445141066,0.2736842105263158,0.38,0.6212624584717608,0.5836065573770491,0.4529616724738676,0.6966666666666667,0.422360248447205,0,22
2.008141127672601,0.5463333333333333,0.5508420915609265,0.5835802210514295,0.5476820517982952,0.6026936026936027,0.45317220543806647,0.43205574912891986,0.42207792207792205,0.5640138408304498,0.5981012658227848,0.5841584158415841,0.45017182130584193,0.6879432624113475,0.6824324324324325,4,22
2.4302776592208986,0.48733333333333334,0.501094375968951,0.5776117287342261,0.49186078397533456,0.49324324324324326,0.631578947368421,0.41379310344827586,0.7157894736842105,0.3933333333333333,0.4019933554817276,0.5245901639344263,0.5121951219512195,0.6333333333333333,0.19875776397515527,0,23
2.044272969694848,0.5376666666666666,0.5402289023981287,0.5609293300784615,0.5370911791257019,0.6153846153846154,0.5782747603833865,0.4797047970479705,0.3580645161290323,0.43322475570032576,0.4358108108108108,0.5464285714285714,0.7692307692307693,0.5882352941176471,0.5665529010238908,3,23
2.090695134819822,0.5343333333333333,0.5288347389495069,0.5591115956603848,0.5339248576653179,0.5896551724137931,0.6782334384858044,0.3470790378006873,0.34838709677419355,0.25925925925925924,0.5420875420875421,0.6590909090909091,0.6463022508038585,0.5207667731629393,0.7483870967741936,2,23
1.9176185716022836,0.5626666666666666,0.563514112666878,0.5804103274216124,0.5635973861047411,0.5723905723905723,0.5709969788519638,0.47735191637630664,0.4383116883116883,0.44982698961937717,0.5443037974683544,0.570957095709571,0.5360824742268041,0.7730496453900709,0.7027027027027027,4,23
1.9704846085069028,0.548,0.549279863114368,0.5643972621578286,0.5465394940573952,0.572347266881029,0.6474576271186441,0.428125,0.49032258064516127,0.5559440559440559,0.40229885057471265,0.5048543689320388,0.5804195804195804,0.7738853503184714,0.5097402597402597,1,23
2.2358934909422348,0.5376666666666666,0.5353249335953072,0.5768597766020801,0.5367701029298807,0.6646153846153846,0.6166134185303515,0.5387453874538746,0.2064516129032258,0.5342019543973942,0.5067567567567568,0.4642857142857143,0.7892976588628763,0.5620915032679739,0.48464163822525597,3,24
2.0606023932391024,0.548,0.5449629193111309,0.5698786483923809,0.5489366656242238,0.5137931034482759,0.7192429022082019,0.3745704467353952,0.3225806451612903,0.3468013468013468,0.5892255892255892,0.7727272727272727,0.6141479099678456,0.5846645367412141,0.6516129032258065,2,24
2.021838825433812,0.5563333333333333,0.5576189401190211,0.5921600580079828,0.5586513272662802,0.45791245791245794,0.5015105740181269,0.5749128919860628,0.4090909090909091,0.49480968858131485,0.4873417721518987,0.6534653465346535,0.47766323024054985,0.7730496453900709,0.7567567567567568,4,24
2.0803164690732956,0.543,0.5397362763144592,0.558729019118515,0.5451377557492664,0.6148648648648649,0.8070175438596491,0.5203761755485894,0.3824561403508772,0.33,0.36212624584717606,0.6491803278688525,0.710801393728223,0.6366666666666667,0.43788819875776397,0,24
2.1936157984619444,0.5406666666666666,0.5346464987273827,0.5713421375648493,0.5395632468531077,0.572347266881029,0.7559322033898305,0.225,0.5451612903225806,0.5629370629370629,0.3946360153256705,0.6375404530744336,0.4405594405594406,0.7420382165605095,0.5194805194805194,1,24
2.094875768461126,0.5533333333333333,0.5480937936018926,0.5641437760328397,0.5556065792227244,0.6655405405405406,0.7508771929824561,0.4482758620689655,0.5157894736842106,0.43666666666666665,0.25249169435215946,0.659016393442623,0.6167247386759582,0.72,0.4906832298136646,0,25
2.207845138742569,0.548,0.5415210532585737,0.5717293259732776,0.5482658152325428,0.6523076923076923,0.5431309904153354,0.5092250922509225,0.1774193548387097,0.5537459283387622,0.40202702702702703,0.5857142857142857,0.7692307692307693,0.6209150326797386,0.6689419795221843,3,25
2.0645312416426678,0.546,0.5501791632864762,0.5794433277581638,0.5467934983358369,0.4882154882154882,0.6012084592145015,0.5574912891986062,0.5064935064935064,0.36678200692041524,0.47468354430379744,0.5676567656765676,0.5360824742268041,0.8085106382978723,0.5608108108108109,4,25
2.2281728025446546,0.5213333333333333,0.5067339571737054,0.563878139106577,0.5164806927112779,0.5819935691318328,0.7254237288135593,0.3,0.5193548387096775,0.6363636363636364,0.1532567049808429,0.5760517799352751,0.3531468531468531,0.7802547770700637,0.538961038961039,1,25
2.029413789827773,0.555,0.5474809195396586,0.5586969512404172,0.5552319366901465,0.7206896551724138,0.7003154574132492,0.31958762886597936,0.31290322580645163,0.4478114478114478,0.48484848484848486,0.6704545454545454,0.6816720257234726,0.549520766773163,0.6645161290322581,2,25
2.0229146043036845,0.573,0.5722464396168194,0.5849612923469516,0.5728141731600024,0.5858585858585859,0.6827794561933535,0.5261324041811847,0.43506493506493504,0.3875432525951557,0.5126582278481012,0.6633663366336634,0.5223367697594502,0.7907801418439716,0.6216216216216216,4,26
2.3290787071306656,0.5213333333333333,0.5264236418229672,0.5656105073409774,0.5219087886912068,0.6081081081081081,0.743859649122807,0.5172413793103449,0.3649122807017544,0.32666666666666666,0.6245847176079734,0.5540983606557377,0.5296167247386759,0.45,0.5,0,26
2.332103854798256,0.526,0.5176804857662883,0.5569310088359836,0.5251375278955418,0.5344827586206896,0.6182965299684543,0.40893470790378006,0.2870967741935484,0.4478114478114478,0.2356902356902357,0.6363636363636364,0.8488745980707395,0.5047923322683706,0.7290322580645161,2,26
2.1232480517727264,0.5453333333333333,0.5489562630737821,0.5649600030976445,0.5446037798351063,0.617363344051447,0.6067796610169491,0.38125,0.5161290322580645,0.458041958041958,0.4789272030651341,0.47249190938511326,0.6083916083916084,0.7579617834394905,0.5487012987012987,1,26
2.0737379862272993,0.5636666666666666,0.559900880267263,0.5706367497751541,0.5648184752482472,0.6584615384615384,0.5942492012779552,0.5055350553505535,0.3064516129032258,0.42996742671009774,0.46621621621621623,0.7607142857142857,0.6153846153846154,0.6013071895424836,0.7098976109215017,3,26
2.315686800378434,0.5393333333333333,0.5393329392021324,0.5784555773079562,0.5402662611435111,0.6307692307692307,0.5686900958466453,0.6273062730627307,0.21935483870967742,0.5211726384364821,0.4155405405405405,0.5357142857142857,0.7391304347826086,0.5784313725490197,0.5665529010238908,3,27
2.508237619032251,0.52,0.5045694075649908,0.5372187664006832,0.5192640563342643,0.5454545454545454,0.8429003021148036,0.45993031358885017,0.17207792207792208,0.3737024221453287,0.43670886075949367,0.46864686468646866,0.5154639175257731,0.8439716312056738,0.5337837837837838,4,27
2.330623837861609,0.5223333333333333,0.5130534267804899,0.5533433768966534,0.5236953174175141,0.6724137931034483,0.9022082018927445,0.36769759450171824,0.3419354838709677,0.3569023569023569,0.4006734006734007,0.7462121212121212,0.6205787781350482,0.4057507987220447,0.42258064516129035,2,27
2.287223955576724,0.5396666666666666,0.5386469682256074,0.5733276981152361,0.5351166396195904,0.6463022508038585,0.7016949152542373,0.36875,0.6290322580645161,0.46153846153846156,0.2567049808429119,0.5857605177993528,0.458041958041958,0.6751592356687898,0.5681818181818182,1,27
2.141936437880739,0.5476666666666666,0.5469259350586425,0.5595199887174491,0.5493027381244296,0.6283783783783784,0.7859649122807018,0.47648902821316613,0.3543859649122807,0.4033333333333333,0.39867109634551495,0.5540983606557377,0.7073170731707317,0.6533333333333333,0.531055900621118,0,27
2.094240513729288,0.5556666666666666,0.5563870122279824,0.5693518961461339,0.5549938528237213,0.6523076923076923,0.7092651757188498,0.5424354243542435,0.3193548387096774,0.5504885993485342,0.5101351351351351,0.6357142857142857,0.5518394648829431,0.6176470588235294,0.46075085324232085,3,28
2.1975880433270274,0.5523333333333333,0.554127300239721,0.5819691536864797,0.5543779331857552,0.5521885521885522,0.5619335347432024,0.5644599303135889,0.5032467532467533,0.47750865051903113,0.3829113924050633,0.570957095709571,0.4261168384879725,0.8085106382978723,0.6959459459459459,4,28
2.153414487997268,0.5553333333333333,0.5538999414700052,0.5621590911286145,0.5538848737073072,0.729903536977492,0.711864406779661,0.415625,0.4096774193548387,0.4370629370629371,0.4521072796934866,0.6245954692556634,0.5664335664335665,0.6656050955414012,0.525974025974026,1,28
2.141658995696839,0.5476666666666666,0.5497425072010287,0.56919977175444,0.547845983379908,0.6182432432432432,0.7298245614035088,0.5893416927899686,0.3368421052631579,0.5233333333333333,0.3787375415282392,0.49836065573770494,0.5644599303135889,0.73,0.5093167701863354,0,28
2.080874462394004,0.5583333333333333,0.551429603461772,0.5615948849360957,0.5583633619294689,0.6137931034482759,0.7413249211356467,0.4639175257731959,0.2709677419354839,0.3602693602693603,0.4612794612794613,0.6931818181818182,0.6816720257234726,0.6198083067092651,0.6774193548387096,2,28
2.3712221659878465,0.5506666666666666,0.5412440438688673,0.568575936638108,0.5495373644191187,0.6206896551724138,0.6971608832807571,0.26804123711340205,0.25161290322580643,0.4175084175084175,0.5151515151515151,0.6363636363636364,0.6655948553054662,0.597444089456869,0.8258064516129032,2,29
2.167776653424222,0.5426666666666666,0.5417434933969686,0.5649271412955421,0.5426133827084755,0.43434343434343436,0.6888217522658611,0.46689895470383275,0.5097402597402597,0.4013840830449827,0.4177215189873418,0.5412541254125413,0.5017182130584192,0.8156028368794326,0.6486486486486487,4,29
2.1556424520751265,0.5596666666666666,0.5631533312521237,0.5804238376597587,0.5613647633797181,0.5743243243243243,0.7789473684210526,0.45768025078369906,0.512280701754386,0.41,0.3754152823920266,0.5704918032786885,0.6515679442508711,0.6866666666666666,0.5962732919254659,0,29
2.12731394076601,0.5556666666666666,0.5552496822208046,0.5707655949006465,0.5531719403994979,0.6366559485530546,0.711864406779661,0.390625,0.5419354838709678,0.4020979020979021,0.41379310344827586,0.56957928802589,0.548951048951049,0.767515923566879,0.5487012987012987,1,29
2.313214994174369,0.5443333333333333,0.5435811116523424,0.5710923525746632,0.5434344920870318,0.6369230769230769,0.6837060702875399,0.3985239852398524,0.2838709677419355,0.48859934853420195,0.6283783783783784,0.6357142857142857,0.7023411371237458,0.45751633986928103,0.5187713310580204,3,29
2.1984435340508504,0.558,0.558856835742592,0.5709187431751186,0.5570189859294044,0.5241157556270096,0.7288135593220338,0.415625,0.5129032258064516,0.43356643356643354,0.4521072796934866,0.5469255663430421,0.6258741258741258,0.7133757961783439,0.6168831168831169,1,30
2.22695211400377,0.5396666666666666,0.5406411950054858,0.5696817202602185,0.5426416721139258,0.5589225589225589,0.5740181268882175,0.6376306620209059,0.4675324675324675,0.40484429065743943,0.310126582278481,0.45544554455445546,0.6254295532646048,0.7978723404255319,0.5945945945945946,4,30
2.199973190718509,0.5586666666666666,0.5515546315539107,0.5713868599617488,0.5596722086303414,0.6586206896551724,0.6750788643533123,0.3161512027491409,0.3,0.6127946127946128,0.3939393939393939,0.7310606060606061,0.6430868167202572,0.5143769968051118,0.7516129032258064,2,30
2.218893196195998,0.5566666666666666,0.5511516799787655,0.5595322111062477,0.5567326999869519,0.6891891891891891,0.7614035087719299,0.54858934169279,0.2912280701754386,0.39,0.46179401993355484,0.49508196721311476,0.6306620209059234,0.7,0.5993788819875776,0,30
2.2472470076160227,0.5516666666666666,0.551233167844147,0.5626916233711264,0.5495808689479759,0.676923076923077,0.7060702875399361,0.46863468634686345,0.32903225806451614,0.4592833876221498,0.543918918918919,0.5071428571428571,0.6655518394648829,0.630718954248366,0.5085324232081911,3,30
2.1448834798437484,0.5546666666666666,0.5554410799691999,0.5709929677531472,0.5551490753983093,0.5793103448275863,0.6025236593059937,0.47079037800687284,0.32903225806451614,0.46464646464646464,0.48484848484848486,0.6666666666666666,0.5787781350482315,0.5942492012779552,0.7806451612903226,2,31
2.2085276803279177,0.5553333333333333,0.5516709949225238,0.5867930476770848,0.5546064500427014,0.4208754208754209,0.7794561933534743,0.37630662020905925,0.5909090909090909,0.5224913494809689,0.31329113924050633,0.6402640264026402,0.5326460481099656,0.8191489361702128,0.5506756756756757,4,31
2.155658986181655,0.564,0.5586624242860101,0.5774779076170999,0.564020700198693,0.6861538461538461,0.7220447284345048,0.5608856088560885,0.1935483870967742,0.498371335504886,0.543918918918919,0.6714285714285714,0.6722408026755853,0.6274509803921569,0.4641638225255973,3,31
2.403571636911402,0.5136666666666667,0.5143496977790156,0.567229361741296,0.5135817388202338,0.42765273311897106,0.6847457627118644,0.240625,0.45483870967741935,0.6888111888111889,0.3716475095785441,0.6375404530744336,0.4160839160839161,0.6878980891719745,0.525974025974026,1,31
2.248940923112504,0.5423333333333333,0.5461435853218983,0.5744366923317589,0.544816812022744,0.6114864864864865,0.8105263157894737,0.5517241379310345,0.4631578947368421,0.51,0.39867109634551495,0.521311475409836,0.5993031358885017,0.6,0.38198757763975155,0,31
2.2430729793107256,0.5486666666666666,0.5478684239307734,0.5684357218761606,0.5492924132404181,0.5344827586206896,0.6719242902208202,0.37800687285223367,0.2967741935483871,0.45454545454545453,0.5959595959595959,0.7007575757575758,0.6334405144694534,0.5399361022364217,0.6870967741935484,2,32
2.267209774319162,0.5436666666666666,0.5347728437624392,0.5635441077065253,0.5381198166295107,0.6720257234726688,0.6745762711864407,0.44375,0.4870967741935484,0.5,0.19923371647509577,0.5728155339805825,0.486013986013986,0.7547770700636943,0.5909090909090909,1,32
2.3988241990830037,0.5526666666666666,0.546532069768771,0.593442156475574,0.5520742615770897,0.3872053872053872,0.676737160120846,0.5923344947735192,0.2792207792207792,0.3217993079584775,0.5664556962025317,0.7656765676567657,0.49828178694158076,0.7269503546099291,0.706081081081081,4,32
2.3417920861789523,0.5356666666666666,0.5340965923772631,0.5661639125530532,0.5354799276555268,0.5844594594594594,0.775438596491228,0.54858934169279,0.40350877192982454,0.27666666666666667,0.31893687707641194,0.6262295081967213,0.49825783972125437,0.7233333333333334,0.5993788819875776,0,32
2.1683390010544596,0.5643333333333334,0.5555634128143371,0.5673216505476433,0.5637356858650906,0.6492307692307693,0.7284345047923323,0.4797047970479705,0.14838709677419354,0.5928338762214984,0.5844594594594594,0.6357142857142857,0.6588628762541806,0.630718954248366,0.5290102389078498,3,32
2.2282295650307167,0.5556666666666666,0.5587441417911801,0.5845164054401862,0.5535299320082305,0.4180064308681672,0.6372881355932203,0.465625,0.5225806451612903,0.5314685314685315,0.4061302681992337,0.6051779935275081,0.541958041958042,0.7707006369426752,0.6363636363636364,1,33
2.1517374616988163,0.576,0.5777581738375189,0.586136557810607,0.5772454176326304,0.5858585858585859,0.6193353474320241,0.5261324041811847,0.44155844155844154,0.4359861591695502,0.43037974683544306,0.6831683168316832,0.6769759450171822,0.7446808510638298,0.6283783783783784,4,33
2.4875159536270384,0.5403333333333333,0.538307351573785,0.5822282518335451,0.5409607617327399,0.7601351351351351,0.7543859649122807,0.5987460815047022,0.41754385964912283,0.31333333333333335,0.25249169435215946,0.5606557377049181,0.6411149825783972,0.5366666666666666,0.5745341614906833,0,33
2.1632193317438695,0.565,0.5656461631641977,0.5815564297570884,0.5635217387216869,0.6068965517241379,0.750788643533123,0.41924398625429554,0.43870967741935485,0.6397306397306397,0.36363636363636365,0.571969696969697,0.6077170418006431,0.5591054313099042,0.6774193548387096,2,33
2.0501823341275784,0.5853333333333334,0.5808390155230271,0.5835788470770176,0.5822310050882548,0.7230769230769231,0.7092651757188498,0.4059040590405904,0.4,0.5374592833876222,0.46283783783783783,0.6107142857142858,0.7157190635451505,0.738562091503268,0.5187713310580204,3,33
2.337305768690211,0.5596666666666666,0.5588268694162544,0.580348445336701,0.5578721168854879,0.7234726688102894,0.7220338983050848,0.346875,0.5419354838709678,0.541958041958042,0.3486590038314176,0.4627831715210356,0.6083916083916084,0.6592356687898089,0.6233766233766234,1,34
2.181443191589193,0.571,0.5702521145196231,0.579958144465871,0.57214621274054,0.6161616161616161,0.6465256797583081,0.40069686411149824,0.5227272727272727,0.5017301038062284,0.3512658227848101,0.6204620462046204,0.6597938144329897,0.7872340425531915,0.6148648648648649,4,34
2.305429530904648,0.565,0.56518492845122,0.5899099724345838,0.5677234155387089,0.6554054054054054,0.7964912280701755,0.41379310344827586,0.5614035087719298,0.39,0.37209302325581395,0.6426229508196721,0.6550522648083623,0.65,0.5403726708074534,0,34
2.3586601435821106,0.536,0.5460160490050903,0.5866403020696648,0.534758694712087,0.6215384615384615,0.5750798722044729,0.3874538745387454,0.3548387096774194,0.44299674267100975,0.706081081081081,0.5714285714285714,0.4782608695652174,0.6535947712418301,0.5563139931740614,3,34
2.5238848908784544,0.521,0.5234945757626543,0.5836117308434441,0.5212471678439612,0.31724137931034485,0.5299684542586751,0.6529209621993127,0.24838709677419354,0.4107744107744108,0.4882154882154882,0.6174242424242424,0.6141479099678456,0.549520766773163,0.7838709677419354,2,34
2.2224103123583694,0.564,0.566704235639863,0.5784245121612583,0.5648914335112752,0.5892255892255892,0.7009063444108762,0.5853658536585366,0.43506493506493504,0.532871972318339,0.3575949367088608,0.6501650165016502,0.5498281786941581,0.7411347517730497,0.5067567567567568,4,35
2.3972711834184666,0.5413333333333333,0.5347351019260882,0.5547733337617728,0.5414256200685873,0.4887459807073955,0.6271186440677966,0.3,0.27419354838709675,0.6783216783216783,0.3831417624521073,0.6763754045307443,0.6083916083916084,0.7643312101910829,0.6136363636363636,1,35
2.452702649096225,0.5386666666666666,0.5390244102670921,0.5692380141552162,0.541464461325613,0.49324324324324326,0.7578947368421053,0.4106583072100313,0.5263157894736842,0.43,0.31561461794019935,0.5114754098360655,0.6794425087108014,0.79,0.5,0,35
2.2002223225984165,0.5706666666666667,0.5695796106984636,0.5761646392947515,0.5697420234431284,0.6953846153846154,0.6389776357827476,0.5387453874538746,0.35161290322580646,0.511400651465798,0.44594594594594594,0.6214285714285714,0.6789297658862876,0.6928104575163399,0.5221843003412969,3,35
2.2797036627505687,0.5726666666666667,0.5691054007031762,0.5820578254547055,0.5718383678450611,0.6379310344827587,0.7318611987381703,0.36082474226804123,0.38387096774193546,0.5824915824915825,0.4612794612794613,0.6287878787878788,0.6945337620578779,0.5303514376996805,0.7064516129032258,2,35
2.3012068943774446,0.558,0.5537164988715598,0.5625715167494603,0.559900603104176,0.5608108108108109,0.8175438596491228,0.438871473354232,0.41754385964912283,0.4,0.38870431893687707,0.639344262295082,0.6411149825783972,0.7733333333333333,0.5217391304347826,0,36
2.332401968855807,0.5446666666666666,0.5449749016173503,0.5713821223986553,0.5441890754131842,0.6827586206896552,0.637223974763407,0.3848797250859107,0.4483870967741935,0.42424242424242425,0.5084175084175084,0.571969696969697,0.6720257234726688,0.4281150159744409,0.6838709677419355,2,36
2.336267153950448,0.558,0.555193067800918,0.5847437899863007,0.5560053054517803,0.7476923076923077,0.6485623003194888,0.5166051660516605,0.3870967741935484,0.3713355048859935,0.3783783783783784,0.5178571428571429,0.7892976588628763,0.6503267973856209,0.552901023890785,3,36
2.3553445594424898,0.5546666666666666,0.5541281000501277,0.5852372652065198,0.5512222178375129,0.5209003215434084,0.6915254237288135,0.496875,0.5806451612903226,0.45454545454545453,0.32950191570881227,0.40129449838187703,0.5909090909090909,0.7707006369426752,0.6753246753246753,1,36
2.301930306122658,0.5866666666666667,0.5881089611899416,0.5981069133875767,0.5880112807701103,0.5622895622895623,0.6858006042296072,0.5714285714285714,0.37012987012987014,0.5709342560553633,0.40822784810126583,0.7458745874587459,0.6185567010309279,0.7624113475177305,0.5844594594594594,4,36
2.2082321892710444,0.573,0.5710605372626116,0.5814357896798559,0.5727656086131983,0.6793103448275862,0.7634069400630915,0.3951890034364261,0.34838709677419355,0.4478114478114478,0.569023569023569,0.6553030303030303,0.5659163987138264,0.65814696485623,0.6451612903225806,2,37
2.2072733146079044,0.572,0.5677166718909601,0.579976169282685,0.5722899222744262,0.5892255892255892,0.7492447129909365,0.5226480836236934,0.4805194805194805,0.4463667820069204,0.3037974683544304,0.7194719471947195,0.5738831615120275,0.7836879432624113,0.5540540540540541,4,37
2.5247441894830542,0.5263333333333333,0.5336352678193517,0.5738406711276561,0.5282835812338044,0.6554054054054054,0.7263157894736842,0.54858934169279,0.4070175438596491,0.44666666666666666,0.5149501661129569,0.4131147540983607,0.5296167247386759,0.6933333333333334,0.34782608695652173,0,37
2.2958233768635607,0.5736666666666667,0.5706471808375202,0.5831292266667369,0.5719583001150345,0.6892307692307692,0.7060702875399361,0.4612546125461255,0.3548387096774194,0.42996742671009774,0.48986486486486486,0.5714285714285714,0.7926421404682275,0.6372549019607843,0.5870307167235495,3,37
2.306788147288434,0.556,0.5566180883224088,0.5638979181379679,0.5547101462579533,0.6591639871382636,0.6644067796610169,0.41875,0.47096774193548385,0.3951048951048951,0.4789272030651341,0.5501618122977346,0.6153846153846154,0.7292993630573248,0.564935064935065,1,37
2.2725352938187884,0.5666666666666667,0.5643315208272969,0.5759506382719655,0.5655605581421496,0.6307692307692307,0.597444089456869,0.4317343173431734,0.3032258064516129,0.5895765472312704,0.5033783783783784,0.6428571428571429,0.6989966555183946,0.7320261437908496,0.5255972696245734,3,38
2.6368089283400393,0.541,0.5296621158104198,0.5604387448871171,0.5394112528061548,0.5758620689655173,0.694006309148265,0.3024054982817869,0.24838709677419354,0.42424242424242425,0.30976430976430974,0.6477272727272727,0.8231511254019293,0.5814696485623003,0.7870967741935484,2,38
2.2965378881768976,0.5623333333333334,0.5646742914043007,0.5861719172544351,0.5647891642859875,0.5656565656565656,0.5317220543806647,0.5644599303135889,0.5064935064935064,0.41522491349480967,0.43037974683544306,0.5610561056105611,0.6219931271477663,0.8191489361702128,0.6317567567567568,4,38
2.3628948445015765,0.558,0.5565642183969304,0.5695941732232345,0.5598239209281829,0.6891891891891891,0.7473684210526316,0.4200626959247649,0.5333333333333333,0.49333333333333335,0.2823920265780731,0.5540983606557377,0.5679442508710801,0.7266666666666667,0.5838509316770186,0,38
2.3218748734352435,0.5726666666666667,0.5715202372610011,0.5720913845236695,0.5717252573235054,0.6463022508038585,0.6406779661016949,0.45,0.3741935483870968,0.4965034965034965,0.47509578544061304,0.627831715210356,0.6573426573426573,0.7356687898089171,0.6136363636363636,1,38
2.2563639495601047,0.56,0.5615395426154977,0.5740745583953091,0.5613647589979107,0.5101351351351351,0.7894736842105263,0.4043887147335423,0.4245614035087719,0.5066666666666667,0.46179401993355484,0.6098360655737705,0.5958188153310104,0.7333333333333333,0.577639751552795,0,39
2.5569884747742337,0.555,0.5596838421567444,0.5856694576464925,0.5540985568592385,0.6881028938906752,0.6677966101694915,0.44375,0.5838709677419355,0.43356643356643354,0.4942528735632184,0.39158576051779936,0.6013986013986014,0.6847133757961783,0.551948051948052,1,39
2.2298726150964168,0.564,0.5701871773936079,0.5916947952989478,0.5650329363467027,0.5454545454545454,0.5649546827794562,0.5156794425087108,0.5,0.4982698961937716,0.5189873417721519,0.6402640264026402,0.5154639175257731,0.7836879432624113,0.5675675675675675,4,39
2.4157193089102176,0.5566666666666666,0.5515058180894243,0.581617314040594,0.5561204328315065,0.5586206896551724,0.7791798107255521,0.35738831615120276,0.3032258064516129,0.47474747474747475,0.5656565656565656,0.6515151515151515,0.7170418006430869,0.43769968051118213,0.7161290322580646,2,39
2.1795253431860435,0.5793333333333334,0.5789681521865946,0.5871972013626567,0.5771278488585526,0.68,0.7028753993610224,0.4907749077490775,0.4806451612903226,0.4820846905537459,0.4560810810810811,0.5964285714285714,0.68561872909699,0.7189542483660131,0.4778156996587031,3,39
2.29659677566366,0.561,0.5604263658986806,0.5728240809165654,0.5624068913678612,0.5305466237942122,0.7593220338983051,0.4875,0.3580645161290323,0.5559440559440559,0.5555555555555556,0.5436893203883495,0.6433566433566433,0.7420382165605095,0.44805194805194803,1,40
2.5133698940911193,0.5646666666666667,0.5633897674543569,0.5768235857769879,0.5641608205571187,0.7137931034482758,0.6277602523659306,0.3848797250859107,0.3967741935483871,0.5286195286195287,0.4444444444444444,0.5946969696969697,0.7009646302250804,0.5335463258785943,0.7161290322580646,2,40
2.422799350733453,0.5573333333333333,0.5559809098013736,0.5681442426125292,0.5568664443083412,0.72,0.597444089456869,0.5535055350553506,0.2870967741935484,0.4723127035830619,0.5472972972972973,0.625,0.6488294314381271,0.6666666666666666,0.45051194539249145,3,40
2.3415716293644397,0.5623333333333334,0.5625795175289643,0.573641651757171,0.5617968890477247,0.5202702702702703,0.7333333333333333,0.45768025078369906,0.3649122807017544,0.5433333333333333,0.47840531561461797,0.7147540983606557,0.5121951219512195,0.6533333333333333,0.639751552795031,0,40
2.3777104701767575,0.5766666666666667,0.580677077490139,0.6014670515077741,0.5777376924681655,0.5723905723905723,0.5770392749244713,0.4738675958188153,0.4025974025974026,0.4844290657439446,0.6044303797468354,0.5742574257425742,0.5773195876288659,0.8049645390070922,0.706081081081081,4,40
2.3344643309395363,0.5553333333333333,0.5615172359309383,0.5798190024555524,0.5570585466866792,0.5844594594594594,0.7543859649122807,0.445141065830721,0.5333333333333333,0.47,0.3787375415282392,0.6,0.5679442508710801,0.69,0.546583850931677,0,41
2.3574025729235184,0.5693333333333334,0.564994657526597,0.5785400538584994,0.5709776317470165,0.6827586206896552,0.6908517350157729,0.4639175257731959,0.2645161290322581,0.5050505050505051,0.5151515151515151,0.7272727272727273,0.6045016077170418,0.5718849840255591,0.6838709677419355,2,41
2.271248793665399,0.585,0.5832572112889445,0.5886848426191269,0.5849175426928258,0.5521885521885522,0.7492447129909365,0.49477351916376305,0.3474025974025974,0.5467128027681661,0.49050632911392406,0.6996699669966997,0.5910652920962199,0.7695035460992907,0.6081081081081081,4,41
2.613884888430859,0.55,0.5371104195277975,0.5734601538999862,0.5486566467446803,0.7630769230769231,0.7539936102236422,0.5424354243542435,0.20967741935483872,0.495114006514658,0.28040540540540543,0.6392857142857142,0.7491638795986622,0.565359477124183,0.4880546075085324,3,41
2.248249091049458,0.569,0.5675237327337022,0.5733052350626239,0.5689157450734575,0.5627009646302251,0.7152542372881356,0.39375,0.4483870967741935,0.46153846153846156,0.5134099616858238,0.6181229773462783,0.6433566433566433,0.7579617834394905,0.5746753246753247,1,41
2.395576958960675,0.5583333333333333,0.5583462853053818,0.5704609308027992,0.5599660899586983,0.6148648648648649,0.7368421052631579,0.3824451410658307,0.45614035087719296,0.6033333333333334,0.3289036544850498,0.5475409836065573,0.6097560975609756,0.7266666666666667,0.593167701863354,0,42
2.4282055064401726,0.5673333333333334,0.5680471305684678,0.5862729438421598,0.5666161868460334,0.7379310344827587,0.6624605678233438,0.3951890034364261,0.47419354838709676,0.4478114478114478,0.45791245791245794,0.5946969696969697,0.6688102893890675,0.5271565495207667,0.7,2,42
2.7766056656837463,0.541,0.5509336835019194,0.6248054546929408,0.5404791954740663,0.5286195286195287,0.676737160120846,0.5156794425087108,0.711038961038961,0.28027681660899656,0.41455696202531644,0.40594059405940597,0.6048109965635738,0.7907801418439716,0.47635135135135137,4,42
2.5856896871899036,0.563,0.560844306067503,0.5796683893710755,0.5605899567649346,0.7331189710610932,0.7423728813559322,0.471875,0.46774193548387094,0.5629370629370629,0.367816091954023,0.4174757281553398,0.541958041958042,0.7356687898089171,0.564935064935065,1,42
2.4014275869790542,0.567,0.5616623572774422,0.58257504423576,0.5657381537823348,0.683076923076923,0.610223642172524,0.4095940959409594,0.25806451612903225,0.6644951140065146,0.3918918918918919,0.6857142857142857,0.725752508361204,0.6176470588235294,0.6109215017064846,3,42
2.536531072664768,0.5643333333333334,0.5552000028938963,0.5911567000918672,0.5654628897782883,0.7344827586206897,0.7129337539432177,0.23367697594501718,0.3064516129032258,0.4713804713804714,0.6127946127946128,0.7386363636363636,0.6270096463022508,0.549520766773163,0.667741935483871,2,43
2.4519439311103617,0.5863333333333334,0.5835226196563141,0.5887475623855851,0.585778436955493,0.6892307692307692,0.6773162939297125,0.5498154981549815,0.2838709677419355,0.5830618892508144,0.5168918918918919,0.6607142857142857,0.6020066889632107,0.738562091503268,0.5563139931740614,3,43
2.4186961336972868,0.5646666666666667,0.5619641501293319,0.5684448176615688,0.5644704425467164,0.662379421221865,0.7796610169491526,0.365625,0.42258064516129035,0.527972027972028,0.42911877394636017,0.598705501618123,0.6573426573426573,0.6656050955414012,0.5357142857142857,1,43
2.6391165215284267,0.564,0.5709707006580513,0.612482098182393,0.5645200109290873,0.6902356902356902,0.649546827794562,0.40069686411149824,0.6006493506493507,0.5467128027681661,0.39556962025316456,0.38943894389438943,0.6666666666666666,0.6773049645390071,0.6283783783783784,4,43
2.39974001398746,0.5603333333333333,0.5611308887295607,0.576155083989508,0.561278243521768,0.6013513513513513,0.6666666666666666,0.3761755485893417,0.47719298245614034,0.5933333333333334,0.3853820598006645,0.5049180327868853,0.6062717770034843,0.74,0.6614906832298136,0,43
2.640230063745316,0.5533333333333333,0.5499972678884913,0.5716130663950165,0.5547378139187572,0.6275862068965518,0.7791798107255521,0.4570446735395189,0.23225806451612904,0.5757575757575758,0.5050505050505051,0.696969696969697,0.6141479099678456,0.5303514376996805,0.5290322580645161,2,44
2.5417405151306314,0.567,0.5639712914944368,0.5770830578728673,0.5677928992898449,0.6977491961414791,0.6033898305084746,0.33125,0.43870967741935485,0.3986013986013986,0.5478927203065134,0.6213592233009708,0.7622377622377622,0.6273885350318471,0.6493506493506493,1,44
2.9067988715907362,0.533,0.5245260972103388,0.5541951866472512,0.5313904045899785,0.696969696969697,0.8821752265861027,0.47038327526132406,0.3409090909090909,0.4359861591695502,0.2689873417721519,0.594059405940594,0.45017182130584193,0.6843971631205674,0.48986486486486486,4,44
2.5197284261279917,0.5546666666666666,0.5601600391625701,0.5944892080914973,0.5579844769819778,0.5476923076923077,0.6198083067092651,0.7121771217712177,0.3096774193548387,0.34527687296416937,0.44256756756756754,0.7035714285714286,0.6153846153846154,0.6830065359477124,0.6006825938566553,3,44
2.5456008124858776,0.5663333333333334,0.5576538599473294,0.5652991647530657,0.566399820908185,0.6385135135135135,0.6877192982456141,0.4952978056426332,0.34035087719298246,0.43666666666666665,0.292358803986711,0.6524590163934426,0.6968641114982579,0.7933333333333333,0.6304347826086957,0,44
2.5146394573310586,0.5786666666666667,0.5793881093077463,0.5997145888392919,0.5756099853805952,0.7692307692307693,0.6325878594249201,0.4612546125461255,0.4967741935483871,0.495114006514658,0.41216216216216217,0.5464285714285714,0.7157190635451505,0.6568627450980392,0.5699658703071673,3,45
2.357950469280811,0.5776666666666667,0.5781208473462841,0.5966974400597794,0.5788231324386098,0.5589225589225589,0.5740181268882175,0.4181184668989547,0.5616883116883117,0.4359861591695502,0.4240506329113924,0.7095709570957096,0.6735395189003437,0.7836879432624113,0.6486486486486487,4,45
2.4700529435847667,0.5646666666666667,0.5653677900424621,0.5724789843464229,0.5640308715035565,0.6784565916398714,0.7288135593220338,0.4875,0.4,0.479020979020979,0.48659003831417624,0.5663430420711975,0.6223776223776224,0.6847133757961783,0.5064935064935064,1,45
2.5775972108574625,0.5656666666666667,0.5573959716621203,0.5695978232435182,0.564024842448652,0.7137931034482758,0.7539432176656151,0.32989690721649484,0.3580645161290323,0.39730639730639733,0.44107744107744107,0.6060606060606061,0.7459807073954984,0.6070287539936102,0.6870967741935484,2,45
2.46548792719841,0.5503333333333333,0.550802080509659,0.575686842495375,0.5515861230290918,0.5472972972972973,0.7087719298245614,0.5266457680250783,0.47368421052631576,0.5733333333333334,0.27906976744186046,0.6032786885245902,0.578397212543554,0.7533333333333333,0.4720496894409938,0,45
2.244539823700139,0.581,0.5776938688624018,0.5983955368853525,0.5771627041275901,0.6984615384615385,0.7348242811501597,0.33210332103321033,0.35161290322580646,0.6091205211726385,0.5641891891891891,0.5535714285714286,0.7224080267558528,0.6797385620915033,0.5255972696245734,3,46
2.5047265716055604,0.5426666666666666,0.5391022788999188,0.5588717248351965,0.5437756080232353,0.527027027027027,0.7228070175438597,0.43260188087774293,0.3508771929824561,0.5066666666666667,0.2757475083056478,0.6983606557377049,0.7282229965156795,0.6333333333333333,0.562111801242236,0,46
2.4807381458739015,0.557,0.5514488954632156,0.5833438963083153,0.5575976207332012,0.6060606060606061,0.6314199395770392,0.2857142857142857,0.5454545454545454,0.5536332179930796,0.3639240506329114,0.5973597359735974,0.4570446735395189,0.8191489361702128,0.7162162162162162,4,46
2.335809586530036,0.5743333333333334,0.5748607372312985,0.5792012871098583,0.5735634480229248,0.6463022508038585,0.7254237288135593,0.484375,0.44193548387096776,0.45454545454545453,0.5134099616858238,0.56957928802589,0.6118881118881119,0.7070063694267515,0.5811688311688312,1,46
2.4503510188549122,0.5973333333333334,0.5958669208703039,0.5974892281103208,0.5971845315135591,0.7310344827586207,0.7287066246056783,0.46735395189003437,0.3548387096774194,0.5488215488215489,0.5353535353535354,0.6401515151515151,0.6463022508038585,0.6741214057507987,0.6451612903225806,2,46
2.488556115392675,0.5983333333333334,0.5965076444681519,0.5969581814442125,0.5983603855321149,0.6784565916398714,0.7016949152542373,0.465625,0.4032258064516129,0.4825174825174825,0.5708812260536399,0.6407766990291263,0.6748251748251748,0.732484076433121,0.6331168831168831,1,47
2.3787601713804487,0.616,0.6145577648797272,0.614061091216968,0.6159636413755847,0.6397306397306397,0.7613293051359517,0.5296167247386759,0.45454545454545453,0.5570934256055363,0.49050632911392406,0.6831683168316832,0.6391752577319587,0.7659574468085106,0.6385135135135135,4,47
2.5075829209799463,0.5826666666666667,0.5824529269388905,0.5943983756355266,0.5800772765844198,0.6068965517241379,0.8170347003154574,0.47079037800687284,0.4161290322580645,0.5521885521885522,0.468013468013468,0.5303030303030303,0.6816720257234726,0.6996805111821086,0.5580645161290323,2,47
2.4005890829449004,0.598,0.5964593083139099,0.5996420351585817,0.5954981340182843,0.7261538461538461,0.7124600638977636,0.4907749077490775,0.45806451612903226,0.5504885993485342,0.4560810810810811,0.6071428571428571,0.6622073578595318,0.7352941176470589,0.5563139931740614,3,47
2.441408927770371,0.598,0.5990400041201358,0.6016196899772266,0.59856843618283,0.6385135135135135,0.7298245614035088,0.4890282131661442,0.43508771929824563,0.5433333333333333,0.4717607973421927,0.659016393442623,0.6724738675958188,0.71,0.6366459627329193,0,47
2.6141000757826136,0.5863333333333334,0.5831164514315589,0.5895017348249777,0.5861369740035706,0.6720257234726688,0.7491525423728813,0.471875,0.3870967741935484,0.3951048951048951,0.5747126436781609,0.6763754045307443,0.6433566433566433,0.6942675159235668,0.5974025974025974,1,48
2.4651712255274996,0.6,0.6002449090492336,0.6084500822749559,0.5976473440233929,0.6523076923076923,0.7699680511182109,0.5018450184501845,0.4806451612903226,0.6156351791530945,0.47297297297297297,0.6035714285714285,0.6020066889632107,0.7450980392156863,0.5324232081911263,3,48
2.472156326345941,0.6063333333333333,0.605424739357802,0.6059569371100866,0.6056857390892381,0.6689655172413793,0.7192429022082019,0.44329896907216493,0.4096774193548387,0.5757575757575758,0.4983164983164983,0.6666666666666666,0.6816720257234726,0.6964856230031949,0.6967741935483871,2,48
2.5407435272602323,0.585,0.5824302284106375,0.5850573164399523,0.5848111971188222,0.625,0.6842105263157895,0.45141065830721006,0.3929824561403509,0.47,0.5149501661129569,0.6918032786885245,0.6376306620209059,0.7,0.6801242236024845,0,48
2.4150044474195926,0.6193333333333333,0.6184420947451146,0.6184619495004829,0.6194481483047288,0.6565656565656566,0.7371601208459214,0.5261324041811847,0.44155844155844154,0.5570934256055363,0.509493670886076,0.7161716171617162,0.6632302405498282,0.7553191489361702,0.6317567567567568,4,48
2.615649530545194,0.6,0.5980679694049927,0.5981480868070721,0.599598627806525,0.6591639871382636,0.7220338983050848,0.44375,0.43548387096774194,0.534965034965035,0.5172413793103449,0.6537216828478964,0.6643356643356644,0.7484076433121019,0.6168831168831169,1,49
2.630735049222378,0.534,0.5266677923002959,0.5644020303166247,0.5335842704786647,0.596551724137931,0.6151419558359621,0.21993127147766323,0.36774193548387096,0.3333333333333333,0.48148148148148145,0.696969696969697,0.6012861736334405,0.5814696485623003,0.8419354838709677,2,49
2.448138472564677,0.6206666666666667,0.617398992632751,0.6167971403211489,0.6191337952504032,0.6892307692307692,0.7603833865814696,0.4833948339483395,0.4,0.5993485342019544,0.5202702702702703,0.7035714285714286,0.6555183946488294,0.7516339869281046,0.6279863481228669,3,49
2.5952511881577207,0.6046666666666667,0.6061229539334502,0.6160027369343206,0.6042693585751548,0.6363636363636364,0.7794561933534743,0.554006968641115,0.45454545454545453,0.4844290657439446,0.5284810126582279,0.5643564356435643,0.6460481099656358,0.7801418439716312,0.6148648648648649,4,49
2.368967533745664,0.5686666666666667,0.5652678374831875,0.5719401871410635,0.5679413166848772,0.5574324324324325,0.7263157894736842,0.5047021943573667,0.2771929824561403,0.5,0.4750830564784053,0.6262295081967213,0.627177700348432,0.73,0.65527950310559,0,49
