iteration,node_id,loss,accuracy,full_loss,full_accuracy
0,7,1.863846982609142,0.4462857142857143,"[2.1128715536811136, 1.863846982609142]","[0.2613333333333333, 0.4462857142857143]"
0,6,1.9364697261290116,0.43123809523809525,"[2.113119455539819, 1.9364697261290116]","[0.2582857142857143, 0.43123809523809525]"
0,4,1.8353238568161474,0.47104761904761905,"[2.1166689836617674, 1.8353238568161474]","[0.2775238095238095, 0.47104761904761905]"
0,3,1.8951074932560776,0.4184761904761905,"[2.111904026522781, 1.8951074932560776]","[0.2702857142857143, 0.4184761904761905]"
0,2,1.8320443391799928,0.45504761904761903,"[2.1044945709633103, 1.8320443391799928]","[0.27676190476190476, 0.45504761904761903]"
0,0,1.85240992343787,0.4144761904761905,"[2.0983408508878765, 1.85240992343787]","[0.2662857142857143, 0.4144761904761905]"
0,1,1.834129473657319,0.4401904761904762,"[2.1152435483354513, 1.834129473657319]","[0.2885714285714286, 0.4401904761904762]"
0,5,1.9252919673919677,0.4104761904761905,"[2.1079391623988295, 1.9252919673919677]","[0.2744761904761905, 0.4104761904761905]"
1,0,1.3336498545877862,0.6304761904761905,"[1.6540013710657755, 1.3336498545877862]","[0.5276190476190477, 0.6304761904761905]"
1,4,1.3451623569835316,0.6201904761904762,"[1.638195393302224, 1.3451623569835316]","[0.5352380952380953, 0.6201904761904762]"
1,6,1.2948764847986627,0.6487619047619048,"[1.6651771523735739, 1.2948764847986627]","[0.5388571428571428, 0.6487619047619048]"
1,7,1.3389173153674965,0.6247619047619047,"[1.6639004028204716, 1.3389173153674965]","[0.5051428571428571, 0.6247619047619047]"
1,3,1.3788336757457618,0.6131428571428571,"[1.669821973280473, 1.3788336757457618]","[0.5142857142857142, 0.6131428571428571]"
1,5,1.3538400585001165,0.6331428571428571,"[1.651251397710858, 1.3538400585001165]","[0.5276190476190477, 0.6331428571428571]"
1,1,1.36991943879561,0.6064761904761905,"[1.6675682739778, 1.36991943879561]","[0.5211428571428571, 0.6064761904761905]"
1,2,1.3062937284960892,0.6451428571428571,"[1.6333684408303464, 1.3062937284960892]","[0.5422857142857143, 0.6451428571428571]"
2,3,0.9294551751830361,0.7377142857142858,"[1.0970625646186598, 0.9294551751830361]","[0.7013333333333334, 0.7377142857142858]"
2,5,0.9457614822821183,0.7335238095238096,"[1.0886124860156665, 0.9457614822821183]","[0.6956190476190476, 0.7335238095238096]"
2,7,0.9253752704822655,0.7443809523809524,"[1.0955187212337147, 0.9253752704822655]","[0.6996190476190476, 0.7443809523809524]"
2,2,0.9063910141135707,0.7518095238095238,"[1.0620633519057072, 0.9063910141135707]","[0.7116190476190476, 0.7518095238095238]"
2,1,0.9466958905711319,0.7302857142857143,"[1.106486369263042, 0.9466958905711319]","[0.6948571428571428, 0.7302857142857143]"
2,4,0.9120306148673549,0.7445714285714286,"[1.0833843704425927, 0.9120306148673549]","[0.6948571428571428, 0.7445714285714286]"
2,6,0.9159489093404828,0.7453333333333333,"[1.080148088570797, 0.9159489093404828]","[0.7041904761904761, 0.7453333333333333]"
2,0,0.9337322953975562,0.7396190476190476,"[1.0953381856282551, 0.9337322953975562]","[0.6996190476190476, 0.7396190476190476]"
3,2,0.748810008800391,0.780952380952381,"[0.8115327836889209, 0.748810008800391]","[0.7655238095238095, 0.780952380952381]"
3,0,0.7925151741865909,0.772,"[0.8431325406739206, 0.7925151741865909]","[0.7575238095238095, 0.772]"
3,3,0.7733215052070039,0.7636190476190476,"[0.8358429543899767, 0.7733215052070039]","[0.7546666666666667, 0.7636190476190476]"
3,4,0.7502440618746209,0.7748571428571429,"[0.8251928679870837, 0.7502440618746209]","[0.7573333333333333, 0.7748571428571429]"
3,7,0.7515780196045384,0.7860952380952381,"[0.833913812492833, 0.7515780196045384]","[0.7632380952380953, 0.7860952380952381]"
3,1,0.7838107165062066,0.7668571428571429,"[0.8590141547448708, 0.7838107165062066]","[0.7491428571428571, 0.7668571428571429]"
3,5,0.7597029628175678,0.7687619047619048,"[0.8338600527156483, 0.7597029628175678]","[0.7483809523809524, 0.7687619047619048]"
3,6,0.742025616494092,0.7765714285714286,"[0.8204592217098583, 0.742025616494092]","[0.7630476190476191, 0.7765714285714286]"
4,3,0.6674835501295148,0.7904761904761904,"[0.7154661359209002, 0.6674835501295148]","[0.7763809523809524, 0.7904761904761904]"
4,6,0.6528023273655863,0.7925714285714286,"[0.7020740380792907, 0.6528023273655863]","[0.7826666666666666, 0.7925714285714286]"
4,0,0.6774983790787783,0.7937142857142857,"[0.7271437505880992, 0.6774983790787783]","[0.7779047619047619, 0.7937142857142857]"
4,5,0.6774678109270154,0.780952380952381,"[0.7193994444428068, 0.6774678109270154]","[0.7721904761904762, 0.780952380952381]"
4,4,0.664102087056998,0.7948571428571428,"[0.7088836054007213, 0.664102087056998]","[0.7824761904761904, 0.7948571428571428]"
4,1,0.6943401938134973,0.780952380952381,"[0.7433880186442173, 0.6943401938134973]","[0.7685714285714286, 0.780952380952381]"
4,2,0.6798726676088391,0.796,"[0.697833797787175, 0.6798726676088391]","[0.7866666666666666, 0.796]"
4,7,0.6656984208208142,0.7986666666666666,"[0.7133608243682168, 0.6656984208208142]","[0.7902857142857143, 0.7986666666666666]"
5,2,0.593805955395554,0.8161904761904762,"[0.6317725931153153, 0.593805955395554]","[0.8001904761904762, 0.8161904761904762]"
5,6,0.598612113793691,0.8062857142857143,"[0.6321754175605196, 0.598612113793691]","[0.796, 0.8062857142857143]"
5,0,0.6274302265860817,0.8038095238095239,"[0.6608651119651217, 0.6274302265860817]","[0.7939047619047619, 0.8038095238095239]"
5,7,0.6066757955334403,0.8123809523809524,"[0.643120388731812, 0.6066757955334403]","[0.800952380952381, 0.8123809523809524]"
5,5,0.6285279069886063,0.7897142857142857,"[0.654141269308148, 0.6285279069886063]","[0.783047619047619, 0.7897142857142857]"
5,4,0.6073226571083069,0.8083809523809524,"[0.6419262253876888, 0.6073226571083069]","[0.7958095238095239, 0.8083809523809524]"
5,3,0.6413939568129453,0.7975238095238095,"[0.6472190510142933, 0.6413939568129453]","[0.7954285714285714, 0.7975238095238095]"
5,1,0.6408502145247026,0.7935238095238095,"[0.6769205389600812, 0.6408502145247026]","[0.7822857142857143, 0.7935238095238095]"
6,7,0.5610619669610803,0.8215238095238095,"[0.5948637292240605, 0.5610619669610803]","[0.8104761904761905, 0.8215238095238095]"
6,3,0.5774349507057306,0.8123809523809524,"[0.5937060114109155, 0.5774349507057306]","[0.8045714285714286, 0.8123809523809524]"
6,0,0.58349327156038,0.816,"[0.6098277079336571, 0.58349327156038]","[0.8081904761904762, 0.816]"
6,1,0.5972331699096796,0.8022857142857143,"[0.6259048369797793, 0.5972331699096796]","[0.7940952380952381, 0.8022857142857143]"
6,4,0.5634250019535874,0.8238095238095238,"[0.5903079715642062, 0.5634250019535874]","[0.8125714285714286, 0.8238095238095238]"
6,2,0.5563056817560484,0.8232380952380952,"[0.5791324174765384, 0.5563056817560484]","[0.8127619047619048, 0.8232380952380952]"
6,5,0.5784287158286933,0.8032380952380952,"[0.6052659943248286, 0.5784287158286933]","[0.7940952380952381, 0.8032380952380952]"
6,6,0.5531639698779944,0.8180952380952381,"[0.5811766022985632, 0.5531639698779944]","[0.8081904761904762, 0.8180952380952381]"
7,7,0.5284878438169306,0.8266666666666667,"[0.5555621376543334, 0.5284878438169306]","[0.820952380952381, 0.8266666666666667]"
7,1,0.5682008329666022,0.8154285714285714,"[0.58883088592327, 0.5682008329666022]","[0.8053333333333333, 0.8154285714285714]"
7,0,0.5554524188691919,0.8251428571428572,"[0.5730373682397785, 0.5554524188691919]","[0.8156190476190476, 0.8251428571428572]"
7,4,0.53239672870347,0.8287619047619048,"[0.554033557212714, 0.53239672870347]","[0.8198095238095238, 0.8287619047619048]"
7,2,0.5168792055411773,0.8352380952380952,"[0.5433352294293317, 0.5168792055411773]","[0.8238095238095238, 0.8352380952380952]"
7,3,0.5482809975291744,0.824,"[0.5565885795788331, 0.5482809975291744]","[0.8163809523809524, 0.824]"
7,5,0.5514391731132161,0.8116190476190476,"[0.5681937351371302, 0.5514391731132161]","[0.8066666666666666, 0.8116190476190476]"
7,6,0.5186393241087596,0.828,"[0.544791255755858, 0.5186393241087596]","[0.8192380952380952, 0.828]"
8,7,0.5033412425807028,0.8342857142857143,"[0.5272747066887942, 0.5033412425807028]","[0.827047619047619, 0.8342857142857143]"
8,5,0.515064955480171,0.8253333333333334,"[0.5388252734234839, 0.515064955480171]","[0.8161904761904762, 0.8253333333333334]"
8,2,0.4906607615225243,0.8422857142857143,"[0.5131191791910114, 0.4906607615225243]","[0.8335238095238096, 0.8422857142857143]"
8,1,0.54359638040716,0.8220952380952381,"[0.5608589847882589, 0.54359638040716]","[0.8140952380952381, 0.8220952380952381]"
8,6,0.49390345468665614,0.8331428571428572,"[0.5156714023965778, 0.49390345468665614]","[0.827047619047619, 0.8331428571428572]"
8,4,0.5013961219426357,0.8379047619047619,"[0.525416068055413, 0.5013961219426357]","[0.8295238095238096, 0.8379047619047619]"
8,3,0.5158196438442577,0.828952380952381,"[0.5271842864426699, 0.5158196438442577]","[0.8236190476190476, 0.828952380952381]"
8,0,0.524266796671983,0.8342857142857143,"[0.5435061413230318, 0.524266796671983]","[0.8274285714285714, 0.8342857142857143]"
9,2,0.4657515600775227,0.8514285714285714,"[0.4870512090849154, 0.4657515600775227]","[0.840952380952381, 0.8514285714285714]"
9,7,0.48218328979882324,0.8413333333333334,"[0.5037578251325723, 0.48218328979882324]","[0.8321904761904761, 0.8413333333333334]"
9,6,0.47020140344446354,0.8413333333333334,"[0.4922883372415196, 0.47020140344446354]","[0.8327619047619048, 0.8413333333333334]"
9,0,0.5132871133811546,0.8371428571428572,"[0.519683513135621, 0.5132871133811546]","[0.8325714285714285, 0.8371428571428572]"
9,3,0.48552874155116804,0.8367619047619047,"[0.5034915615211834, 0.48552874155116804]","[0.8295238095238096, 0.8367619047619047]"
9,1,0.5202828213120951,0.8312380952380952,"[0.5375373444773934, 0.5202828213120951]","[0.8194285714285714, 0.8312380952380952]"
9,5,0.4951000892754757,0.8291428571428572,"[0.5160782970262296, 0.4951000892754757]","[0.8243809523809524, 0.8291428571428572]"
9,4,0.47849137421810267,0.8419047619047619,"[0.5017523137005893, 0.47849137421810267]","[0.8321904761904761, 0.8419047619047619]"
10,3,0.4888497336344285,0.8367619047619047,"[0.48185865373322456, 0.4888497336344285]","[0.8358095238095238, 0.8367619047619047]"
10,6,0.4494428978724913,0.8457142857142858,"[0.4705237789587541, 0.4494428978724913]","[0.8392380952380952, 0.8457142857142858]"
10,2,0.4555784246235183,0.8521904761904762,"[0.46773636214660874, 0.4555784246235183]","[0.8464761904761905, 0.8521904761904762]"
10,7,0.4611858813148556,0.8491428571428571,"[0.48260025878747304, 0.4611858813148556]","[0.8407619047619047, 0.8491428571428571]"
10,4,0.4603372498895183,0.8478095238095238,"[0.48206109097509675, 0.4603372498895183]","[0.8384761904761905, 0.8478095238095238]"
10,0,0.48036316642255494,0.8487619047619047,"[0.498913047078884, 0.48036316642255494]","[0.8398095238095238, 0.8487619047619047]"
10,5,0.4728898130583041,0.8379047619047619,"[0.49453834241086786, 0.4728898130583041]","[0.828952380952381, 0.8379047619047619]"
10,1,0.4997461691047206,0.835047619047619,"[0.5150294893618786, 0.4997461691047206]","[0.8285714285714286, 0.835047619047619]"
11,1,0.4816612583218199,0.8392380952380952,"[0.49942699273427327, 0.4816612583218199]","[0.832952380952381, 0.8392380952380952]"
11,4,0.4433503166292653,0.8529523809523809,"[0.4650088395133163, 0.4433503166292653]","[0.8441904761904762, 0.8529523809523809]"
11,0,0.4679717826120781,0.8502857142857143,"[0.48159733206936806, 0.4679717826120781]","[0.847047619047619, 0.8502857142857143]"
11,3,0.45502196595524297,0.8441904761904762,"[0.4659266839424769, 0.45502196595524297]","[0.8396190476190476, 0.8441904761904762]"
11,7,0.4433775365352631,0.8516190476190476,"[0.46691289354454385, 0.4433775365352631]","[0.844, 0.8516190476190476]"
11,6,0.4325132292328459,0.8512380952380952,"[0.4531392413558382, 0.4325132292328459]","[0.8415238095238096, 0.8512380952380952]"
11,2,0.42974823442372406,0.8607619047619047,"[0.4507113365512906, 0.42974823442372406]","[0.8521904761904762, 0.8607619047619047]"
11,5,0.4570247875018553,0.8413333333333334,"[0.4779675646261735, 0.4570247875018553]","[0.8316190476190476, 0.8413333333333334]"
12,1,0.4809294946265943,0.8428571428571429,"[0.4857294424013658, 0.4809294946265943]","[0.836, 0.8428571428571429]"
12,6,0.41679530197923836,0.8577142857142858,"[0.43786302868163945, 0.41679530197923836]","[0.8493333333333334, 0.8577142857142858]"
12,7,0.4285466889540354,0.8558095238095238,"[0.44918955501281854, 0.4285466889540354]","[0.8476190476190476, 0.8558095238095238]"
12,2,0.41571620206038157,0.861904761904762,"[0.4329451371322979, 0.41571620206038157]","[0.857904761904762, 0.861904761904762]"
12,4,0.4377785816337123,0.8508571428571429,"[0.4480499912392009, 0.4377785816337123]","[0.8495238095238096, 0.8508571428571429]"
12,0,0.4582977102561431,0.8535238095238096,"[0.46521007599252645, 0.4582977102561431]","[0.8478095238095238, 0.8535238095238096]"
12,5,0.44400658390738745,0.8466666666666667,"[0.46295265419916676, 0.44400658390738745]","[0.8420952380952381, 0.8466666666666667]"
12,3,0.43308476254795536,0.8544761904761905,"[0.44967205677971694, 0.43308476254795536]","[0.8436190476190476, 0.8544761904761905]"
13,6,0.40380518734455106,0.8630476190476191,"[0.4248807622627778, 0.40380518734455106]","[0.8548571428571429, 0.8630476190476191]"
13,0,0.4388834145032998,0.8590476190476191,"[0.451241936918461, 0.4388834145032998]","[0.8540952380952381, 0.8590476190476191]"
13,7,0.4152404055450902,0.861904761904762,"[0.4360752143643119, 0.4152404055450902]","[0.8529523809523809, 0.861904761904762]"
13,1,0.45054971801512167,0.8529523809523809,"[0.4694322704365759, 0.45054971801512167]","[0.8447619047619047, 0.8529523809523809]"
13,5,0.4297610889781605,0.8523809523809524,"[0.44986365166577424, 0.4297610889781605]","[0.8443809523809523, 0.8523809523809524]"
13,3,0.4251931754025546,0.8558095238095238,"[0.4361943525798393, 0.4251931754025546]","[0.8466666666666667, 0.8558095238095238]"
13,4,0.41459239847732315,0.8594285714285714,"[0.43563176890214284, 0.41459239847732315]","[0.8529523809523809, 0.8594285714285714]"
13,2,0.414683678114053,0.86,"[0.4207539283868038, 0.414683678114053]","[0.8622857142857143, 0.86]"
14,2,0.3880816299806942,0.8716190476190476,"[0.40700044081066594, 0.3880816299806942]","[0.8647619047619047, 0.8716190476190476]"
14,7,0.4016216196797111,0.8666666666666667,"[0.4232163381395918, 0.4016216196797111]","[0.8596190476190476, 0.8666666666666667]"
14,0,0.42705213698473843,0.8628571428571429,"[0.4406947366215966, 0.42705213698473843]","[0.8561904761904762, 0.8628571428571429]"
14,4,0.4020089566707611,0.8638095238095238,"[0.4221849418950803, 0.4020089566707611]","[0.8546666666666667, 0.8638095238095238]"
14,6,0.3932552533619332,0.8632380952380952,"[0.41065720355871954, 0.3932552533619332]","[0.8590476190476191, 0.8632380952380952]"
14,1,0.4405724837924495,0.8542857142857143,"[0.4558738955042579, 0.4405724837924495]","[0.8481904761904762, 0.8542857142857143]"
14,3,0.4071459642865441,0.8601904761904762,"[0.422772597544121, 0.4071459642865441]","[0.8518095238095238, 0.8601904761904762]"
14,5,0.4204606166391662,0.8544761904761905,"[0.43820818355589203, 0.4204606166391662]","[0.8489523809523809, 0.8544761904761905]"
15,6,0.3800184444947676,0.868,"[0.3997496898427154, 0.3800184444947676]","[0.8626666666666667, 0.868]"
15,4,0.39201206420407153,0.8651428571428571,"[0.4116618652235378, 0.39201206420407153]","[0.8580952380952381, 0.8651428571428571]"
15,2,0.3939721247011965,0.8689523809523809,"[0.39571453093579323, 0.3939721247011965]","[0.8678095238095238, 0.8689523809523809]"
15,1,0.43335743230400664,0.8584761904761905,"[0.4458205839901259, 0.43335743230400664]","[0.8516190476190476, 0.8584761904761905]"
15,7,0.3930885060267015,0.8712380952380953,"[0.41098385218418004, 0.3930885060267015]","[0.86, 0.8712380952380953]"
15,5,0.4075647656664704,0.8590476190476191,"[0.4264772462122368, 0.4075647656664704]","[0.8512380952380952, 0.8590476190476191]"
15,3,0.39386404156684873,0.8651428571428571,"[0.41183788324847365, 0.39386404156684873]","[0.8565714285714285, 0.8651428571428571]"
15,0,0.4274611594098987,0.8670476190476191,"[0.4283428941712235, 0.4274611594098987]","[0.8605714285714285, 0.8670476190476191]"
16,3,0.3954553242885705,0.8653333333333333,"[0.4037026709679401, 0.3954553242885705]","[0.8601904761904762, 0.8653333333333333]"
16,7,0.3789158724474184,0.8731428571428571,"[0.4000906672441598, 0.3789158724474184]","[0.8655238095238095, 0.8731428571428571]"
16,1,0.41998457303552916,0.8643809523809524,"[0.4349417625051556, 0.41998457303552916]","[0.8556190476190476, 0.8643809523809524]"
16,5,0.398876834638191,0.8596190476190476,"[0.417663482373411, 0.398876834638191]","[0.8506666666666667, 0.8596190476190476]"
16,2,0.37250017803726776,0.876,"[0.3853833365620989, 0.37250017803726776]","[0.8700952380952381, 0.876]"
16,4,0.380479529951558,0.8691428571428571,"[0.40136271769350224, 0.380479529951558]","[0.8620952380952381, 0.8691428571428571]"
16,0,0.4241859406232834,0.8645714285714285,"[0.41986819523753544, 0.4241859406232834]","[0.8653333333333333, 0.8645714285714285]"
16,6,0.37056524139462094,0.8735238095238095,"[0.3885558366775513, 0.37056524139462094]","[0.8653333333333333, 0.8735238095238095]"
17,1,0.40794189915512546,0.8687619047619047,"[0.42769681937766796, 0.40794189915512546]","[0.8590476190476191, 0.8687619047619047]"
17,6,0.3593750632170475,0.8758095238095238,"[0.37906837607875016, 0.3593750632170475]","[0.8670476190476191, 0.8758095238095238]"
17,4,0.3725054225235274,0.8714285714285714,"[0.39133154876304393, 0.3725054225235274]","[0.8630476190476191, 0.8714285714285714]"
17,7,0.3723198440038797,0.876,"[0.39222620969468897, 0.3723198440038797]","[0.868, 0.876]"
17,3,0.3911657673842979,0.8676190476190476,"[0.3920698021397446, 0.3911657673842979]","[0.8651428571428571, 0.8676190476190476]"
17,2,0.37124969069704866,0.8748571428571429,"[0.3751459580479246, 0.37124969069704866]","[0.8723809523809524, 0.8748571428571429]"
17,5,0.39482010693261116,0.8638095238095238,"[0.40963877457560915, 0.39482010693261116]","[0.8554285714285714, 0.8638095238095238]"
17,0,0.3925428589185079,0.8752380952380953,"[0.4089281428943981, 0.3925428589185079]","[0.8674285714285714, 0.8752380952380953]"
18,0,0.38221573305852485,0.8786666666666667,"[0.4003836494503599, 0.38221573305852485]","[0.8710476190476191, 0.8786666666666667]"
18,7,0.3633126976815137,0.8805714285714286,"[0.38196480310324465, 0.3633126976815137]","[0.8706666666666667, 0.8805714285714286]"
18,2,0.3490463981122682,0.8849523809523809,"[0.3658960819695935, 0.3490463981122682]","[0.8765714285714286, 0.8849523809523809]"
18,3,0.3674137237397107,0.8725714285714286,"[0.3834683409242919, 0.3674137237397107]","[0.8678095238095238, 0.8725714285714286]"
18,6,0.35043736524654157,0.8798095238095238,"[0.36969057863408866, 0.35043736524654157]","[0.8700952380952381, 0.8798095238095238]"
18,1,0.40544545903350365,0.8670476190476191,"[0.41660030818346777, 0.40544545903350365]","[0.8628571428571429, 0.8670476190476191]"
18,5,0.38005909061793125,0.8687619047619047,"[0.40125506845387543, 0.38005909061793125]","[0.857904761904762, 0.8687619047619047]"
18,4,0.3629258548671549,0.8748571428571429,"[0.3833133571978771, 0.3629258548671549]","[0.8660952380952381, 0.8748571428571429]"
19,1,0.39809551952463207,0.8704761904761905,"[0.4091115002379273, 0.39809551952463207]","[0.8651428571428571, 0.8704761904761905]"
19,4,0.35310974644892146,0.8790476190476191,"[0.3745100555094806, 0.35310974644892146]","[0.8683809523809524, 0.8790476190476191]"
19,0,0.3804104721004313,0.88,"[0.3929363146875844, 0.3804104721004313]","[0.8721904761904762, 0.88]"
19,3,0.36007869058486186,0.8748571428571429,"[0.37467400540005075, 0.36007869058486186]","[0.8697142857142857, 0.8748571428571429]"
19,5,0.37301606156609274,0.8693333333333333,"[0.3930263661073916, 0.37301606156609274]","[0.8615238095238095, 0.8693333333333333]"
19,6,0.34053223250490244,0.8824761904761905,"[0.36061809243577897, 0.34053223250490244]","[0.8721904761904762, 0.8824761904761905]"
19,2,0.3387090306841966,0.890095238095238,"[0.3570069959669402, 0.3387090306841966]","[0.8771428571428571, 0.890095238095238]"
19,7,0.3523503196510402,0.8843809523809524,"[0.3740063242388494, 0.3523503196510402]","[0.8739047619047619, 0.8843809523809524]"
20,6,0.3341367870569229,0.8832380952380953,"[0.35470342175527053, 0.3341367870569229]","[0.8752380952380953, 0.8832380952380953]"
20,0,0.3764171880303007,0.8809523809523809,"[0.3833360260183161, 0.3764171880303007]","[0.8740952380952381, 0.8809523809523809]"
20,5,0.3673115983605385,0.8706666666666667,"[0.3843241322221178, 0.3673115983605385]","[0.8643809523809524, 0.8706666666666667]"
20,1,0.38146408832434453,0.8756190476190476,"[0.40021111369132994, 0.38146408832434453]","[0.8685714285714285, 0.8756190476190476]"
20,7,0.3449708529042475,0.8851428571428571,"[0.3655372311671575, 0.3449708529042475]","[0.8712380952380953, 0.8851428571428571]"
20,2,0.32911354741363813,0.892,"[0.349413958688577, 0.32911354741363813]","[0.8807619047619047, 0.892]"
20,3,0.34995912182511707,0.8786666666666667,"[0.36720970137552783, 0.34995912182511707]","[0.8731428571428571, 0.8786666666666667]"
20,4,0.34715821282430126,0.8796190476190476,"[0.3663395272059874, 0.34715821282430126]","[0.872, 0.8796190476190476]"
21,4,0.3403935280713168,0.8843809523809524,"[0.35876787395188303, 0.3403935280713168]","[0.8748571428571429, 0.8843809523809524]"
21,1,0.3780519634485245,0.8777142857142857,"[0.3928155142249483, 0.3780519634485245]","[0.8697142857142857, 0.8777142857142857]"
21,3,0.34489251108783664,0.8807619047619047,"[0.3588868975187793, 0.34489251108783664]","[0.8735238095238095, 0.8807619047619047]"
21,7,0.33798381311423853,0.890095238095238,"[0.3582139218846957, 0.33798381311423853]","[0.878095238095238, 0.890095238095238]"
21,2,0.3256506582552737,0.894095238095238,"[0.3412674773823131, 0.3256506582552737]","[0.8857142857142857, 0.894095238095238]"
21,5,0.3577566797986175,0.8763809523809524,"[0.37703331686330566, 0.3577566797986175]","[0.8664761904761905, 0.8763809523809524]"
21,0,0.3632306874249921,0.8876190476190476,"[0.37644892488465165, 0.3632306874249921]","[0.8775238095238095, 0.8876190476190476]"
21,6,0.3258913135889805,0.8851428571428571,"[0.3461956338448958, 0.3258913135889805]","[0.8788571428571429, 0.8851428571428571]"
22,1,0.3764773357998241,0.8773333333333333,"[0.3864897976318995, 0.3764773357998241]","[0.8737142857142857, 0.8773333333333333]"
22,2,0.32267966134981674,0.8921904761904762,"[0.33442220055695737, 0.32267966134981674]","[0.8849523809523809, 0.8921904761904762]"
22,0,0.35992727239023553,0.8923809523809524,"[0.3723249119339567, 0.35992727239023553]","[0.8784761904761905, 0.8923809523809524]"
22,3,0.3343389710242098,0.886095238095238,"[0.3534744636127443, 0.3343389710242098]","[0.8748571428571429, 0.886095238095238]"
22,6,0.3174232912786079,0.890095238095238,"[0.33936644359068435, 0.3174232912786079]","[0.8805714285714286, 0.890095238095238]"
22,4,0.3322085505633643,0.8845714285714286,"[0.3533910256895152, 0.3322085505633643]","[0.8771428571428571, 0.8845714285714286]"
22,7,0.34477827499310176,0.8870476190476191,"[0.352856747535142, 0.34477827499310176]","[0.8815238095238095, 0.8870476190476191]"
22,5,0.3506666811578201,0.878095238095238,"[0.37156116276076345, 0.3506666811578201]","[0.8693333333333333, 0.878095238095238]"
23,0,0.3461077770048922,0.8925714285714286,"[0.3643018471472191, 0.3461077770048922]","[0.8824761904761905, 0.8925714285714286]"
23,5,0.34696497948783817,0.8771428571428571,"[0.36686725467443465, 0.34696497948783817]","[0.8721904761904762, 0.8771428571428571]"
23,7,0.3242606035687707,0.8925714285714286,"[0.34424052811933287, 0.3242606035687707]","[0.8855238095238095, 0.8925714285714286]"
23,6,0.3110048403342565,0.8916190476190476,"[0.33231447438399, 0.3110048403342565]","[0.8834285714285715, 0.8916190476190476]"
23,1,0.3735930742639484,0.8786666666666667,"[0.378897376223044, 0.3735930742639484]","[0.8775238095238095, 0.8786666666666667]"
23,2,0.311419834873893,0.8956190476190476,"[0.3293235724622553, 0.311419834873893]","[0.8889523809523809, 0.8956190476190476]"
23,3,0.34246913397854023,0.8830476190476191,"[0.3472154703555685, 0.34246913397854023]","[0.8782857142857143, 0.8830476190476191]"
23,4,0.32521303187717093,0.8862857142857142,"[0.3457489150491628, 0.32521303187717093]","[0.8765714285714286, 0.8862857142857142]"
24,5,0.34133251277786314,0.8801904761904762,"[0.36056557907299563, 0.34133251277786314]","[0.8716190476190476, 0.8801904761904762]"
24,2,0.33115503359021564,0.8902857142857142,"[0.3247166274171887, 0.33115503359021564]","[0.8910476190476191, 0.8902857142857142]"
24,0,0.33997727880875267,0.8954285714285715,"[0.3583677211945707, 0.33997727880875267]","[0.8845714285714286, 0.8954285714285715]"
24,3,0.34137576895229743,0.8853333333333333,"[0.341367578912865, 0.34137576895229743]","[0.8784761904761905, 0.8853333333333333]"
24,7,0.3181425933133472,0.896952380952381,"[0.33928535332282383, 0.3181425933133472]","[0.8864761904761905, 0.896952380952381]"
24,1,0.3626034062920195,0.8813333333333333,"[0.3733922589005846, 0.3626034062920195]","[0.8777142857142857, 0.8813333333333333]"
24,6,0.30539528208248545,0.8931428571428571,"[0.3274981218305501, 0.30539528208248545]","[0.884, 0.8931428571428571]"
24,4,0.3196959055282853,0.8893333333333333,"[0.34117825080951053, 0.3196959055282853]","[0.8794285714285714, 0.8893333333333333]"
25,2,0.30115744308991865,0.8984761904761904,"[0.3173525632330866, 0.30115744308991865]","[0.8908571428571429, 0.8984761904761904]"
25,1,0.35144270581729486,0.8849523809523809,"[0.368419909612699, 0.35144270581729486]","[0.8788571428571429, 0.8849523809523809]"
25,6,0.2973599777980284,0.8975238095238095,"[0.32095016421693745, 0.2973599777980284]","[0.8876190476190476, 0.8975238095238095]"
25,3,0.3199505618124297,0.8912380952380953,"[0.33569640228242587, 0.3199505618124297]","[0.8794285714285714, 0.8912380952380953]"
25,5,0.3314744667573409,0.8847619047619047,"[0.3543681040406227, 0.3314744667573409]","[0.8748571428571429, 0.8847619047619047]"
25,4,0.3189997340242068,0.8876190476190476,"[0.33851094512325347, 0.3189997340242068]","[0.8790476190476191, 0.8876190476190476]"
25,0,0.3429379591436097,0.8921904761904762,"[0.3557149755683812, 0.3429379591436097]","[0.8868571428571429, 0.8921904761904762]"
25,7,0.31313500982342346,0.8965714285714286,"[0.335626541529641, 0.31313500982342346]","[0.8849523809523809, 0.8965714285714286]"
26,3,0.31336013159968634,0.8914285714285715,"[0.3307948989850102, 0.31336013159968634]","[0.8809523809523809, 0.8914285714285715]"
26,1,0.3507084958029516,0.8874285714285715,"[0.3602538561730674, 0.3507084958029516]","[0.8824761904761905, 0.8874285714285715]"
26,7,0.3050516297871416,0.9005714285714286,"[0.3275773700891119, 0.3050516297871416]","[0.8883809523809524, 0.9005714285714286]"
26,0,0.33377110944552857,0.8971428571428571,"[0.3478304107532357, 0.33377110944552857]","[0.8904761904761904, 0.8971428571428571]"
26,4,0.30766074892246364,0.8931428571428571,"[0.3300567223267122, 0.30766074892246364]","[0.884, 0.8931428571428571]"
26,6,0.2931309794837778,0.8980952380952381,"[0.3141299314119599, 0.2931309794837778]","[0.8887619047619048, 0.8980952380952381]"
26,2,0.29450529050646407,0.9030476190476191,"[0.3115691429286292, 0.29450529050646407]","[0.8929523809523809, 0.9030476190476191]"
26,5,0.32558973332246144,0.8855238095238095,"[0.3469349242972605, 0.32558973332246144]","[0.8769523809523809, 0.8855238095238095]"
27,1,0.33972425867210737,0.8925714285714286,"[0.354776965397777, 0.33972425867210737]","[0.8862857142857142, 0.8925714285714286]"
27,3,0.3041732510382479,0.8956190476190476,"[0.3239336287885001, 0.3041732510382479]","[0.8834285714285715, 0.8956190476190476]"
27,2,0.28683565552487517,0.904952380952381,"[0.30573829701452543, 0.28683565552487517]","[0.8967619047619048, 0.904952380952381]"
27,6,0.2883098991079764,0.9003809523809524,"[0.30947306151642945, 0.2883098991079764]","[0.8923809523809524, 0.9003809523809524]"
27,5,0.32078647721897474,0.8883809523809524,"[0.3429292238571427, 0.32078647721897474]","[0.8790476190476191, 0.8883809523809524]"
27,4,0.30182662145657974,0.894095238095238,"[0.32496294451482366, 0.30182662145657974]","[0.884, 0.894095238095238]"
27,7,0.2994916493242437,0.9032380952380953,"[0.3214008060820175, 0.2994916493242437]","[0.8921904761904762, 0.9032380952380953]"
27,0,0.3257170105522329,0.8982857142857142,"[0.34169944976315353, 0.3257170105522329]","[0.8914285714285715, 0.8982857142857142]"
28,0,0.32757047613461815,0.8971428571428571,"[0.3386202222470081, 0.32757047613461815]","[0.8912380952380953, 0.8971428571428571]"
28,7,0.2933809490366416,0.9030476190476191,"[0.31822744720813, 0.2933809490366416]","[0.890095238095238, 0.9030476190476191]"
28,5,0.31596797840161756,0.8910476190476191,"[0.3393654485543569, 0.31596797840161756]","[0.8815238095238095, 0.8910476190476191]"
28,3,0.2985751853747801,0.8982857142857142,"[0.3187959051944993, 0.2985751853747801]","[0.8872380952380953, 0.8982857142857142]"
28,1,0.33077109731508025,0.8929523809523809,"[0.35052526358402136, 0.33077109731508025]","[0.8864761904761905, 0.8929523809523809]"
28,4,0.2961247431509422,0.8952380952380953,"[0.32086866154815213, 0.2961247431509422]","[0.8849523809523809, 0.8952380952380953]"
28,6,0.2817718220479561,0.9013333333333333,"[0.30452443365797854, 0.2817718220479561]","[0.8944761904761904, 0.9013333333333333]"
28,2,0.28874523251345663,0.9026666666666666,"[0.30212682006937086, 0.28874523251345663]","[0.8973333333333333, 0.9026666666666666]"
29,2,0.2771126933170087,0.9062857142857143,"[0.29459483361605443, 0.2771126933170087]","[0.8994285714285715, 0.9062857142857143]"
29,7,0.2887037036545349,0.9057142857142857,"[0.30974610840732403, 0.2887037036545349]","[0.8937142857142857, 0.9057142857142857]"
29,3,0.29054612801833585,0.9015238095238095,"[0.31381767708243746, 0.29054612801833585]","[0.8899047619047619, 0.9015238095238095]"
29,6,0.2763462650504979,0.9051428571428571,"[0.2990946888020544, 0.2763462650504979]","[0.8952380952380953, 0.9051428571428571]"
29,5,0.30939755286231185,0.8929523809523809,"[0.3328040986350088, 0.30939755286231185]","[0.8836190476190476, 0.8929523809523809]"
29,4,0.2931829329692956,0.8967619047619048,"[0.3170387451621619, 0.2931829329692956]","[0.8864761904761905, 0.8967619047619048]"
29,0,0.32949791672554885,0.8967619047619048,"[0.33168342086401853, 0.32949791672554885]","[0.8952380952380953, 0.8967619047619048]"
29,1,0.326070479416486,0.8944761904761904,"[0.34438949484716763, 0.326070479416486]","[0.8872380952380953, 0.8944761904761904]"
30,1,0.3191175359216603,0.8946666666666667,"[0.3397085043968576, 0.3191175359216603]","[0.8887619047619048, 0.8946666666666667]"
30,5,0.30545109975518603,0.896952380952381,"[0.32876774311968776, 0.30545109975518603]","[0.8843809523809524, 0.896952380952381]"
30,3,0.28814529785604187,0.8998095238095238,"[0.3104532037720536, 0.28814529785604187]","[0.8887619047619048, 0.8998095238095238]"
30,2,0.2748403922174916,0.9076190476190477,"[0.2922637135241971, 0.2748403922174916]","[0.9003809523809524, 0.9076190476190477]"
30,7,0.28281941400332883,0.9072380952380953,"[0.30546346645463596, 0.28281941400332883]","[0.8950476190476191, 0.9072380952380953]"
30,4,0.289677112707586,0.8975238095238095,"[0.3104112258914745, 0.289677112707586]","[0.8891428571428571, 0.8975238095238095]"
30,0,0.31939854061964784,0.8994285714285715,"[0.32746385277220696, 0.31939854061964784]","[0.8944761904761904, 0.8994285714285715]"
30,6,0.2720202000303702,0.9057142857142857,"[0.2947761465654229, 0.2720202000303702]","[0.8965714285714286, 0.9057142857142857]"
31,3,0.28465131774093166,0.9015238095238095,"[0.3049449638435335, 0.28465131774093166]","[0.890095238095238, 0.9015238095238095]"
31,1,0.32095345710263107,0.8954285714285715,"[0.33415412153258467, 0.32095345710263107]","[0.8904761904761904, 0.8954285714285715]"
31,6,0.26681148021510154,0.9093333333333333,"[0.28884270051212024, 0.26681148021510154]","[0.9007619047619048, 0.9093333333333333]"
31,4,0.28246939277107064,0.9003809523809524,"[0.3059641770566955, 0.28246939277107064]","[0.8918095238095238, 0.9003809523809524]"
31,5,0.2999879259503249,0.8979047619047619,"[0.3218732151569742, 0.2999879259503249]","[0.8874285714285715, 0.8979047619047619]"
31,7,0.2797417555343021,0.9064761904761904,"[0.2995259406891736, 0.2797417555343021]","[0.8965714285714286, 0.9064761904761904]"
31,0,0.31044585077148495,0.9020952380952381,"[0.32270282231497044, 0.31044585077148495]","[0.8994285714285715, 0.9020952380952381]"
31,2,0.271172392165119,0.9062857142857143,"[0.2868710738691417, 0.271172392165119]","[0.9005714285714286, 0.9062857142857143]"
32,6,0.2671035343950445,0.9087619047619048,"[0.28443642407655717, 0.2671035343950445]","[0.9001904761904762, 0.9087619047619048]"
32,5,0.29636191179354987,0.8977142857142857,"[0.31893097695076106, 0.29636191179354987]","[0.8881904761904762, 0.8977142857142857]"
32,2,0.27115229347890074,0.9116190476190477,"[0.282070249951247, 0.27115229347890074]","[0.9028571428571428, 0.9116190476190477]"
32,0,0.3023144737789125,0.9059047619047619,"[0.3179663181756482, 0.3023144737789125]","[0.8996190476190477, 0.9059047619047619]"
32,7,0.2736366075548259,0.9085714285714286,"[0.29513859085061334, 0.2736366075548259]","[0.9011428571428571, 0.9085714285714286]"
32,3,0.27930286318966835,0.9034285714285715,"[0.3000346391941562, 0.27930286318966835]","[0.8935238095238095, 0.9034285714285715]"
32,1,0.313745218379931,0.896,"[0.330220264377016, 0.313745218379931]","[0.8923809523809524, 0.896]"
32,4,0.2771330619400198,0.9043809523809524,"[0.30169898016434726, 0.2771330619400198]","[0.8931428571428571, 0.9043809523809524]"
33,0,0.31737310990239637,0.8990476190476191,"[0.3130939768119292, 0.31737310990239637]","[0.9001904761904762, 0.8990476190476191]"
33,6,0.2586462037129836,0.9121904761904762,"[0.28031073609987894, 0.2586462037129836]","[0.9015238095238095, 0.9121904761904762]"
33,3,0.2776512095422456,0.9047619047619048,"[0.2974341418255459, 0.2776512095422456]","[0.8961904761904762, 0.9047619047619048]"
33,1,0.31006821235924054,0.8984761904761904,"[0.3256283397475878, 0.31006821235924054]","[0.8916190476190476, 0.8984761904761904]"
33,2,0.2641969500165997,0.9081904761904762,"[0.2784089607045506, 0.2641969500165997]","[0.9041904761904762, 0.9081904761904762]"
33,4,0.27177450584642815,0.9064761904761904,"[0.29812095670989064, 0.27177450584642815]","[0.892, 0.9064761904761904]"
33,5,0.29051749214078443,0.8994285714285715,"[0.3132282123421178, 0.29051749214078443]","[0.8899047619047619, 0.8994285714285715]"
33,7,0.26760476529598237,0.9133333333333333,"[0.2919066203814564, 0.26760476529598237]","[0.8996190476190477, 0.9133333333333333]"
34,0,0.31019492442860747,0.9005714285714286,"[0.30927822720823867, 0.31019492442860747]","[0.9013333333333333, 0.9005714285714286]"
34,4,0.268074745504242,0.9083809523809524,"[0.2926946799411918, 0.268074745504242]","[0.8954285714285715, 0.9083809523809524]"
34,7,0.26277409597779766,0.9114285714285715,"[0.2864354402278409, 0.26277409597779766]","[0.8979047619047619, 0.9114285714285715]"
34,2,0.26206276233900677,0.9116190476190477,"[0.2747381626205011, 0.26206276233900677]","[0.9070476190476191, 0.9116190476190477]"
34,5,0.28738417386105564,0.9017142857142857,"[0.31022598206093815, 0.28738417386105564]","[0.8906666666666667, 0.9017142857142857]"
34,1,0.3039750661362301,0.9003809523809524,"[0.32141962882244224, 0.3039750661362301]","[0.8944761904761904, 0.9003809523809524]"
34,3,0.27127645060871586,0.9064761904761904,"[0.29149247155045016, 0.27127645060871586]","[0.8975238095238095, 0.9064761904761904]"
34,6,0.25278641274481106,0.9112380952380953,"[0.27607611779010655, 0.25278641274481106]","[0.9036190476190477, 0.9112380952380953]"
35,4,0.2654699858842474,0.9100952380952381,"[0.2892746892390829, 0.2654699858842474]","[0.8971428571428571, 0.9100952380952381]"
35,1,0.2994403664361347,0.9034285714285715,"[0.31552911242752363, 0.2994403664361347]","[0.8952380952380953, 0.9034285714285715]"
35,3,0.2686827875447996,0.908,"[0.2885731650572835, 0.2686827875447996]","[0.8980952380952381, 0.908]"
35,5,0.2841492199988076,0.9053333333333333,"[0.30639283002325984, 0.2841492199988076]","[0.894095238095238, 0.9053333333333333]"
35,0,0.2897887755975579,0.9076190476190477,"[0.30459284859173225, 0.2897887755975579]","[0.904, 0.9076190476190477]"
35,7,0.25817034086494733,0.9137142857142857,"[0.28208491996382223, 0.25817034086494733]","[0.9011428571428571, 0.9137142857142857]"
35,6,0.24935403728123867,0.9135238095238095,"[0.27252807057265077, 0.24935403728123867]","[0.9026666666666666, 0.9135238095238095]"
35,2,0.25955924265312424,0.9140952380952381,"[0.269886347448284, 0.25955924265312424]","[0.9064761904761904, 0.9140952380952381]"
36,1,0.29355077748045777,0.904952380952381,"[0.31292508370948563, 0.29355077748045777]","[0.8956190476190476, 0.904952380952381]"
36,3,0.2613655438477343,0.9108571428571428,"[0.2845559498577407, 0.2613655438477343]","[0.8994285714285715, 0.9108571428571428]"
36,2,0.25252711926445814,0.9152380952380952,"[0.26747053692286665, 0.25252711926445814]","[0.9070476190476191, 0.9152380952380952]"
36,0,0.2862500627835592,0.908952380952381,"[0.3025617195801301, 0.2862500627835592]","[0.9032380952380953, 0.908952380952381]"
36,6,0.24642800575856005,0.9175238095238095,"[0.26820349336573573, 0.24642800575856005]","[0.9055238095238095, 0.9175238095238095]"
36,4,0.2588070894506845,0.9112380952380953,"[0.2839042964758295, 0.2588070894506845]","[0.8973333333333333, 0.9112380952380953]"
36,7,0.25472516909693227,0.9137142857142857,"[0.2785530773076144, 0.25472516909693227]","[0.9007619047619048, 0.9137142857142857]"
36,5,0.27817178264711845,0.9074285714285715,"[0.3023647769382506, 0.27817178264711845]","[0.8954285714285715, 0.9074285714285715]"
37,7,0.24975603317672557,0.9154285714285715,"[0.2734518432707498, 0.24975603317672557]","[0.9045714285714286, 0.9154285714285715]"
37,5,0.2772670801390301,0.9038095238095238,"[0.29807826366388435, 0.2772670801390301]","[0.8950476190476191, 0.9038095238095238]"
37,1,0.28681707499605236,0.9059047619047619,"[0.30886264592409135, 0.28681707499605236]","[0.8982857142857142, 0.9059047619047619]"
37,3,0.25807552003499235,0.9108571428571428,"[0.28088939515027134, 0.25807552003499235]","[0.9013333333333333, 0.9108571428571428]"
37,4,0.2543435597735824,0.9137142857142857,"[0.2803469068173206, 0.2543435597735824]","[0.9001904761904762, 0.9137142857142857]"
37,0,0.28160533345106875,0.9127619047619048,"[0.2981035866069071, 0.28160533345106875]","[0.9047619047619048, 0.9127619047619048]"
37,6,0.24045535605965238,0.9186666666666666,"[0.2646722726298101, 0.24045535605965238]","[0.9074285714285715, 0.9186666666666666]"
37,2,0.24956291715304058,0.9171428571428571,"[0.26270615255290813, 0.24956291715304058]","[0.908952380952381, 0.9171428571428571]"
38,1,0.29404260886437966,0.9022857142857142,"[0.30478336625930036, 0.29404260886437966]","[0.896952380952381, 0.9022857142857142]"
38,3,0.25278144140135156,0.9133333333333333,"[0.27618193359989107, 0.25278144140135156]","[0.9032380952380953, 0.9133333333333333]"
38,2,0.24184039844708008,0.9192380952380952,"[0.2587586058811708, 0.24184039844708008]","[0.9093333333333333, 0.9192380952380952]"
38,6,0.23595426339994777,0.9196190476190477,"[0.25968635660229306, 0.23595426339994777]","[0.9099047619047619, 0.9196190476190477]"
38,5,0.2698315858389392,0.908,"[0.2937012263771259, 0.2698315858389392]","[0.8973333333333333, 0.908]"
38,7,0.24540719044479456,0.916952380952381,"[0.2690026187535488, 0.24540719044479456]","[0.9060952380952381, 0.916952380952381]"
38,4,0.2510785938438141,0.9161904761904762,"[0.2765925377155795, 0.2510785938438141]","[0.9017142857142857, 0.9161904761904762]"
38,0,0.2781323664116137,0.9135238095238095,"[0.29134026937412494, 0.2781323664116137]","[0.908, 0.9135238095238095]"
39,0,0.27195713479410516,0.9154285714285715,"[0.28888415563287156, 0.27195713479410516]","[0.9070476190476191, 0.9154285714285715]"
39,1,0.27637625837867913,0.9106666666666666,"[0.29989234466444364, 0.27637625837867913]","[0.8996190476190477, 0.9106666666666666]"
39,7,0.24053268100727687,0.9186666666666666,"[0.2654323942281983, 0.24053268100727687]","[0.9076190476190477, 0.9186666666666666]"
39,4,0.24678202158573903,0.9165714285714286,"[0.2726996763863347, 0.24678202158573903]","[0.9053333333333333, 0.9165714285714286]"
39,5,0.26500844729669165,0.9106666666666666,"[0.29030852353934083, 0.26500844729669165]","[0.9003809523809524, 0.9106666666666666]"
39,3,0.2509445930069143,0.916,"[0.27297265976667406, 0.2509445930069143]","[0.9047619047619048, 0.916]"
39,6,0.23154213563962417,0.9222857142857143,"[0.2560001452312325, 0.23154213563962417]","[0.9099047619047619, 0.9222857142857143]"
39,2,0.23735243276213155,0.9192380952380952,"[0.2577314698109121, 0.23735243276213155]","[0.9116190476190477, 0.9192380952380952]"
40,5,0.2616087468284549,0.911047619047619,"[0.2865515861095804, 0.2616087468284549]","[0.9, 0.911047619047619]"
40,2,0.2314618265990055,0.9236190476190477,"[0.2525213802628445, 0.2314618265990055]","[0.9125714285714286, 0.9236190476190477]"
40,0,0.27322929442831967,0.9152380952380952,"[0.2848881685824105, 0.27322929442831967]","[0.9081904761904762, 0.9152380952380952]"
40,7,0.2373800924781597,0.9207619047619048,"[0.2627756085359689, 0.2373800924781597]","[0.9087619047619048, 0.9207619047619048]"
40,6,0.22862251847982407,0.9245714285714286,"[0.2536565392757907, 0.22862251847982407]","[0.9106666666666666, 0.9245714285714286]"
40,3,0.24654192292329036,0.9179047619047619,"[0.2700562913309444, 0.24654192292329036]","[0.9051428571428571, 0.9179047619047619]"
40,4,0.24263442556063333,0.92,"[0.269155075062405, 0.24263442556063333]","[0.9064761904761904, 0.92]"
40,1,0.31736206285881274,0.8912380952380953,"[0.29741374520641384, 0.31736206285881274]","[0.8998095238095238, 0.8912380952380953]"
41,1,0.2749886425607132,0.912,"[0.2921396787871014, 0.2749886425607132]","[0.9005714285714286, 0.912]"
41,5,0.2569639624971332,0.9121904761904762,"[0.2826992207404339, 0.2569639624971332]","[0.9041904761904762, 0.9121904761904762]"
41,4,0.2376456103090084,0.9211428571428572,"[0.2650387541814284, 0.2376456103090084]","[0.9068571428571428, 0.9211428571428572]"
41,3,0.2423486933563695,0.9196190476190477,"[0.26637620943965334, 0.2423486933563695]","[0.9053333333333333, 0.9196190476190477]"
41,2,0.23686620394388835,0.9228571428571428,"[0.2495224273791819, 0.23686620394388835]","[0.9154285714285715, 0.9228571428571428]"
41,7,0.23305433241255355,0.9243809523809524,"[0.2586752738013412, 0.23305433241255355]","[0.9091428571428571, 0.9243809523809524]"
41,0,0.2642157630486922,0.9179047619047619,"[0.28225254010070455, 0.2642157630486922]","[0.9093333333333333, 0.9179047619047619]"
41,6,0.22507350372545648,0.9253333333333333,"[0.2508733761129957, 0.22507350372545648]","[0.912952380952381, 0.9253333333333333]"
42,0,0.2650637120685794,0.9161904761904762,"[0.2773124505624627, 0.2650637120685794]","[0.9099047619047619, 0.9161904761904762]"
42,5,0.2553615160963752,0.9148571428571428,"[0.2785721729650642, 0.2553615160963752]","[0.9043809523809524, 0.9148571428571428]"
42,1,0.26897636796488905,0.9137142857142857,"[0.2880920432733767, 0.26897636796488905]","[0.9011428571428571, 0.9137142857142857]"
42,2,0.23860746843345237,0.9234285714285714,"[0.24702776941386137, 0.23860746843345237]","[0.9163809523809524, 0.9234285714285714]"
42,3,0.237855738446568,0.9192380952380952,"[0.26129115765744987, 0.237855738446568]","[0.9087619047619048, 0.9192380952380952]"
42,7,0.228432130610401,0.9257142857142857,"[0.2540381069436218, 0.228432130610401]","[0.9100952380952381, 0.9257142857142857]"
42,4,0.23555348242322605,0.9198095238095239,"[0.2606710459472555, 0.23555348242322605]","[0.9078095238095238, 0.9198095238095239]"
42,6,0.22130208268310084,0.9266666666666666,"[0.24655272048531157, 0.22130208268310084]","[0.9148571428571428, 0.9266666666666666]"
43,0,0.2627481845969504,0.9184761904761904,"[0.27590511698614467, 0.2627481845969504]","[0.9104761904761904, 0.9184761904761904]"
43,4,0.23041179067257678,0.9232380952380952,"[0.2570235343819315, 0.23041179067257678]","[0.9106666666666666, 0.9232380952380952]"
43,7,0.22403774238897092,0.9268571428571428,"[0.25111242803660305, 0.22403774238897092]","[0.9133333333333333, 0.9268571428571428]"
43,1,0.2704077074473554,0.9139047619047619,"[0.28547308869434124, 0.2704077074473554]","[0.9038095238095238, 0.9139047619047619]"
43,3,0.25841841182925485,0.9093333333333333,"[0.2573571837309635, 0.25841841182925485]","[0.9099047619047619, 0.9093333333333333]"
43,2,0.24277986606413668,0.9201904761904762,"[0.24319125226501262, 0.24277986606413668]","[0.916952380952381, 0.9201904761904762]"
43,5,0.2497085106192213,0.916,"[0.27642658655390595, 0.2497085106192213]","[0.9041904761904762, 0.916]"
43,6,0.21739889870990406,0.9276190476190476,"[0.24281700750192006, 0.21739889870990406]","[0.9165714285714286, 0.9276190476190476]"
44,2,0.22626648782329126,0.928952380952381,"[0.24028762287714264, 0.22626648782329126]","[0.9165714285714286, 0.928952380952381]"
44,0,0.25591621006076987,0.9205714285714286,"[0.2698959327782645, 0.25591621006076987]","[0.912, 0.9205714285714286]"
44,7,0.22179070474071935,0.927047619047619,"[0.2474118086650516, 0.22179070474071935]","[0.9163809523809524, 0.927047619047619]"
44,6,0.2131981620282838,0.928952380952381,"[0.2380906045436859, 0.2131981620282838]","[0.9179047619047619, 0.928952380952381]"
44,5,0.24545287521499576,0.9177142857142857,"[0.27276001369411296, 0.24545287521499576]","[0.9062857142857143, 0.9177142857142857]"
44,1,0.2623472059766451,0.9165714285714286,"[0.28156885227019135, 0.2623472059766451]","[0.9066666666666666, 0.9165714285714286]"
44,4,0.22687016330433615,0.9224761904761904,"[0.25393961731231574, 0.22687016330433615]","[0.9104761904761904, 0.9224761904761904]"
44,3,0.2333430899815126,0.9226666666666666,"[0.2557217317548665, 0.2333430899815126]","[0.9097142857142857, 0.9226666666666666]"
45,1,0.26176346143086754,0.9167619047619048,"[0.2786944894402316, 0.26176346143086754]","[0.9055238095238095, 0.9167619047619048]"
45,0,0.256118966119759,0.92,"[0.2667365585312699, 0.256118966119759]","[0.9158095238095239, 0.92]"
45,7,0.2189925064417449,0.9295238095238095,"[0.24370083104480397, 0.2189925064417449]","[0.9156190476190477, 0.9295238095238095]"
45,4,0.22312392754988236,0.9260952380952381,"[0.2505271615178296, 0.22312392754988236]","[0.915047619047619, 0.9260952380952381]"
45,3,0.2267950788140297,0.9228571428571428,"[0.25167341164567253, 0.2267950788140297]","[0.9114285714285715, 0.9228571428571428]"
45,6,0.2100756627140623,0.9318095238095238,"[0.2364879087968306, 0.2100756627140623]","[0.9188571428571428, 0.9318095238095238]"
45,5,0.24208865012183334,0.9175238095238095,"[0.26942979070273315, 0.24208865012183334]","[0.9064761904761904, 0.9175238095238095]"
45,2,0.22610655614372455,0.9302857142857143,"[0.23956363426916527, 0.22610655614372455]","[0.9192380952380952, 0.9302857142857143]"
46,0,0.24838310507210817,0.9226666666666666,"[0.2652010170347763, 0.24838310507210817]","[0.9161904761904762, 0.9226666666666666]"
46,6,0.20644554793834685,0.9335238095238095,"[0.23234371249422883, 0.20644554793834685]","[0.920952380952381, 0.9335238095238095]"
46,3,0.22265278441887915,0.9257142857142857,"[0.24837878147761028, 0.22265278441887915]","[0.9116190476190477, 0.9257142857142857]"
46,7,0.2137061240546631,0.9312380952380952,"[0.24107918016838306, 0.2137061240546631]","[0.9146666666666666, 0.9312380952380952]"
46,2,0.22030473552418478,0.9300952380952381,"[0.23600807149301875, 0.22030473552418478]","[0.9207619047619048, 0.9300952380952381]"
46,4,0.21879953202424626,0.9264761904761905,"[0.248557947576046, 0.21879953202424626]","[0.9125714285714286, 0.9264761904761905]"
46,1,0.2736936543249723,0.9118095238095238,"[0.27468361870357483, 0.2736936543249723]","[0.9078095238095238, 0.9118095238095238]"
46,5,0.23795499476519497,0.9198095238095239,"[0.2654114199858723, 0.23795499476519497]","[0.9060952380952381, 0.9198095238095239]"
47,6,0.20318826274438337,0.9342857142857143,"[0.22988931446364433, 0.20318826274438337]","[0.9217142857142857, 0.9342857142857143]"
47,1,0.261975828490474,0.9173333333333333,"[0.27161405122641363, 0.261975828490474]","[0.9100952380952381, 0.9173333333333333]"
47,2,0.21770852824503725,0.9302857142857143,"[0.23177293559367007, 0.21770852824503725]","[0.9232380952380952, 0.9302857142857143]"
47,0,0.24161297471234292,0.9264761904761905,"[0.26008025988033323, 0.24161297471234292]","[0.9152380952380952, 0.9264761904761905]"
47,4,0.2156446133824912,0.928952380952381,"[0.24342681555585427, 0.2156446133824912]","[0.9165714285714286, 0.928952380952381]"
47,7,0.21061032981132016,0.9333333333333333,"[0.2372371551665393, 0.21061032981132016]","[0.9158095238095239, 0.9333333333333333]"
47,3,0.2204273262258732,0.9260952380952381,"[0.24458312834754134, 0.2204273262258732]","[0.9133333333333333, 0.9260952380952381]"
47,5,0.23416872331590363,0.9232380952380952,"[0.261962427424662, 0.23416872331590363]","[0.9091428571428571, 0.9232380952380952]"
48,2,0.22446709555206876,0.9283809523809524,"[0.22951368472792885, 0.22446709555206876]","[0.9217142857142857, 0.9283809523809524]"
48,1,0.25044767357634773,0.9192380952380952,"[0.26908937259153887, 0.25044767357634773]","[0.9078095238095238, 0.9192380952380952]"
48,6,0.20044507293990163,0.9371428571428572,"[0.22586275939688538, 0.20044507293990163]","[0.9215238095238095, 0.9371428571428572]"
48,3,0.21724752740878048,0.928952380952381,"[0.2406874149586215, 0.21724752740878048]","[0.9131428571428571, 0.928952380952381]"
48,4,0.21384190392087807,0.9299047619047619,"[0.2400012204367103, 0.21384190392087807]","[0.9175238095238095, 0.9299047619047619]"
48,0,0.2347159517082301,0.9274285714285714,"[0.2567696686269659, 0.2347159517082301]","[0.9163809523809524, 0.9274285714285714]"
48,5,0.23131412719235275,0.9226666666666666,"[0.25837249922933003, 0.23131412719235275]","[0.9106666666666666, 0.9226666666666666]"
48,7,0.20683020667144747,0.9325714285714286,"[0.23361424320574964, 0.20683020667144747]","[0.9184761904761904, 0.9325714285714286]"
49,5,0.22671408319112027,0.9260952380952381,"[0.2561873921842286, 0.22671408319112027]","[0.9114285714285715, 0.9260952380952381]"
49,4,0.20902474564359044,0.931047619047619,"[0.23689098360412048, 0.20902474564359044]","[0.9196190476190477, 0.931047619047619]"
49,6,0.1959924059383797,0.9377142857142857,"[0.2236151419805758, 0.1959924059383797]","[0.920952380952381, 0.9377142857142857]"
49,2,0.20657104100241805,0.9331428571428572,"[0.2271444149089582, 0.20657104100241805]","[0.924952380952381, 0.9331428571428572]"
49,3,0.21332711726427078,0.9295238095238095,"[0.23854460059241814, 0.21332711726427078]","[0.9152380952380952, 0.9295238095238095]"
49,1,0.24250760527722764,0.9245714285714286,"[0.265720836502133, 0.24250760527722764]","[0.9108571428571428, 0.9245714285714286]"
49,0,0.23752625313672152,0.9272380952380952,"[0.2528324592294115, 0.23752625313672152]","[0.9173333333333333, 0.9272380952380952]"
49,7,0.20367308931820322,0.9356190476190476,"[0.23253721689636056, 0.20367308931820322]","[0.9194285714285715, 0.9356190476190476]"
