iteration,node_id,accuracy,test_loss,f1score,precision,recall,accuracy_per_0,accuracy_per_1,accuracy_per_2,accuracy_per_3,accuracy_per_4,accuracy_per_5,accuracy_per_6,accuracy_per_7,accuracy_per_8,accuracy_per_9
0,7,-0.07200000000000001,-0.30946802407407903,-0.07737245221349218,-0.0792283381255451,-0.07200000000000001,0.0,-0.0010000000000000009,0.0010000000000000009,0.0,0.0,0.0,0.0,0.0,0.0,-0.72
0,6,0.0005999999999999894,0.4863620261414745,0.0013447384464554124,0.0011903249790673545,0.0006000000000000172,0.0,0.007000000000000006,-0.0010000000000000009,0.0,0.0,0.0,0.0,0.0,0.0,0.0
0,4,0.0,-0.4155912879176036,-0.0029544497290287797,-0.002896938922069381,0.0,0.0,0.0010000000000000009,-0.0010000000000000009,0.0,0.0,0.0,0.0,0.0,0.0,0.0
0,3,-0.0706,-0.41563217099101424,-0.06333862055335873,-0.049475943565280525,-0.0706,0.0,-0.0020000000000000018,-0.0010000000000000009,0.0,0.0,-0.703,0.0,0.0,0.0,0.0
0,2,-0.0002999999999999947,-0.2811645158944418,-0.004581842834195382,-0.10410860804970891,-0.0002999999999999947,0.0,-0.0010000000000000009,0.0,0.0,-0.002,0.0,0.0,0.0,0.0,0.0
0,0,0.0005000000000000004,0.46837651158293214,0.002768079973566401,0.002538224291560462,0.0005000000000000004,0.0,0.0050000000000000044,0.0,0.0,0.0,0.0,0.0,0.0,0.0,0.0
0,1,0.0005999999999999894,0.4995661307447632,0.0021776050752440046,0.001976597595648756,0.0006000000000000172,0.0,0.006000000000000005,0.0,0.0,0.0,0.0,0.0,0.0,0.0,0.0
0,5,-0.08140000000000003,-0.4310441154260607,-0.08712601591235161,-0.0791930262896461,-0.08140000000000003,0.0,0.0010000000000000009,-0.0010000000000000009,0.0,0.0,0.0,0.0,-0.814,0.0,0.0
1,0,0.00010000000000001674,0.1264926694071713,0.005188237984921296,0.005168485662476921,0.00010000000000001674,0.0,0.0,0.0010000000000000009,0.0,0.0,0.0,0.0,0.0,0.0,0.0
1,4,0.00010000000000001674,-0.14948133234017913,-0.005657144226819677,-0.0061394974950612635,0.00010000000000001674,0.0,0.0010000000000000009,0.0,0.0,0.0,0.0,0.0,0.0,0.0,0.0
1,6,0.00010000000000001674,0.16762634207265448,0.005921642524222101,0.005870220440682507,0.00010000000000001674,0.0,0.0,0.0010000000000000009,0.0,0.0,0.0,0.0,0.0,0.0,0.0
1,7,-0.0786,-0.01834992783518974,-0.0773790606002873,-0.07288549612412944,-0.0786,0.0,-0.0010000000000000009,0.0,0.0,0.0,0.0,0.0,0.0,0.0,-0.785
1,3,-0.07419999999999999,-0.17907942750583405,-0.06156153869884619,-0.04727257423329846,-0.07419999999999999,0.0,-0.0010000000000000009,0.0,0.0,0.0,-0.741,0.0,0.0,0.0,0.0
1,5,-0.0897,-0.20778361829325043,-0.08359691981906163,-0.07034552578886899,-0.0897,0.0,0.0020000000000000018,-0.0010000000000000009,0.0,0.0,0.0,0.0,-0.898,0.0,0.0
1,1,0.00030000000000002247,0.04006884654109122,-0.0018926185530176859,-0.00206106157090908,0.00030000000000002247,0.0,0.0040000000000000036,-0.0010000000000000009,0.0,0.0,0.0,0.0,0.0,0.0,0.0
1,2,-9.999999999998899e-05,0.029116995418414504,-0.005462251359624609,-0.005870205259445593,-9.999999999998899e-05,0.0,-0.0010000000000000009,0.0,0.0,0.0,0.0,0.0,0.0,0.0,0.0
2,3,-0.0839,-0.20559459220106202,-0.06067182895318529,0.08017613132586116,-0.0839,0.0,0.0,0.0,0.0,0.0,-0.84,0.0,0.001,0.0,0.0
2,5,-0.0955,-0.2582587571189805,-0.07717054546830981,0.06387143362430625,-0.0955,0.0,0.0020000000000000018,-0.0030000000000000027,0.0,0.0,0.002,0.0,-0.956,0.0,0.0
2,7,-0.09090000000000001,-0.025027317741808552,-0.07207814568051513,0.06803214741061266,-0.09090000000000001,0.0,-0.0010000000000000009,0.0,0.0,0.0,0.002,0.0,0.001,0.0,-0.911
2,2,0.0,0.09094671547984179,-0.00488176225004297,0.09796462781411494,0.0,0.0,0.0,0.0,0.0,-0.003,0.002,0.0,0.001,0.0,0.0
2,1,0.0003999999999999837,-0.029681560711357413,-0.003063581842282545,-0.07879041289959507,0.00040000000000001146,0.0,0.0030000000000000027,0.0,0.0,0.0,0.001,0.0,0.0,0.0,0.0
2,4,0.00020000000000000573,-0.07841113124030841,-0.004493755692340992,0.11581448317507205,0.00020000000000000573,0.0,0.0010000000000000009,-0.0010000000000000009,0.0,0.0,0.002,-0.001,0.001,0.0,0.0
2,6,0.0002999999999999947,0.10619265355241225,0.0071354925045841455,0.03207658255526685,0.0002999999999999947,0.0,0.0,0.0010000000000000009,0.0,0.0,0.002,0.0,0.0,0.0,0.0
2,0,0.00020000000000000573,0.030821778142033907,0.0048046364498169625,0.029718220904850767,0.00020000000000000573,0.0,-0.0010000000000000009,0.0010000000000000009,0.0,0.0,0.002,0.0,0.0,0.0,0.0
3,2,0.016399999999999998,0.11854379245648383,0.02480100393675684,0.021435093754120144,0.016400000000000026,0.0,-0.0020000000000000018,0.0010000000000000009,0.0,-0.018,0.09,0.0,0.057999999999999996,0.0,0.035
3,0,0.009800000000000003,0.0882783979653552,0.020710425320016296,-4.559424188310679e-05,0.009800000000000031,0.0,0.0010000000000000009,0.0,0.0,0.0,0.05,0.0,0.026999999999999996,0.0,0.020000000000000004
3,3,-0.0716,-0.3122687781580722,-0.027587739239232065,0.15944910863228526,-0.07159999999999997,0.0,-0.0010000000000000009,0.0,0.0,0.0,-0.809,0.0,0.059,0.0,0.035
3,4,0.01830000000000001,-0.05021532198872425,0.02846062096755901,0.19568904943927865,0.01830000000000004,0.0,0.0,0.0,0.0,0.0,0.094,-0.005,0.059,0.0,0.035
3,7,-0.07719999999999999,-0.11818195455752223,-0.03466754797978101,0.15326872562219535,-0.07719999999999996,0.0,-0.0010000000000000009,0.0,0.0,0.0,0.094,0.0,0.059,0.0,-0.9239999999999999
3,1,0.013000000000000012,0.015939948657831327,0.018642750963024576,-0.040368585046740846,0.012999999999999984,0.0,0.0040000000000000036,0.0,0.0,0.0,0.055,0.0,0.043,0.0,0.028000000000000004
3,5,-0.0796,-0.3508656352472763,-0.039703178674934655,0.1475851796740621,-0.07959999999999998,0.0,0.0030000000000000027,-0.0030000000000000027,0.0,0.0,0.094,0.0,-0.925,0.0,0.035
3,6,0.001700000000000007,0.1423279035586522,0.00986274090536328,0.012176956538874018,0.0017000000000000348,0.0,-0.0010000000000000009,0.0,0.0,0.0,0.023999999999999994,0.0,0.019999999999999997,0.0,-0.025999999999999995
4,3,-0.02090000000000003,-0.3964629531287538,0.0451971843838615,0.1666397652707387,-0.020899999999999974,0.0,0.0,-0.0010000000000000009,0.0,0.0,-0.67,0.0,0.279,0.0,0.183
4,6,-0.01150000000000001,0.1611394448021346,-0.008855929249245303,0.01194287102171293,-0.01150000000000001,0.0,-0.0010000000000000009,0.0,0.0,0.0,0.009000000000000008,0.0,-0.01899999999999996,0.0,-0.10399999999999998
4,0,0.010000000000000009,0.12741530436677273,0.014557581687354909,0.009634612799934605,0.010000000000000009,0.0,0.0,0.0,0.0,0.0,0.060000000000000026,0.0,0.031000000000000028,0.0,0.009000000000000008
4,5,-0.02679999999999999,-0.4169172311362366,0.035761930198392466,0.15738308619088404,-0.02679999999999999,0.0,0.0030000000000000027,-0.0030000000000000027,0.0,0.0,0.265,0.0,-0.716,0.0,0.183
4,4,0.06899999999999998,-0.02498536445081445,0.09461756477276126,-0.0027237318458129822,0.06899999999999995,0.0,0.0020000000000000018,-0.0010000000000000009,0.0,0.0,0.25,-0.01,0.273,0.0,0.176
4,1,0.023999999999999994,0.06169713571810487,0.02537497120347118,-0.005269895653153056,0.023999999999999994,0.0,0.0020000000000000018,-0.0010000000000000009,0.0,0.0,0.066,0.0,0.11600000000000002,0.0,0.056999999999999995
4,2,0.06149999999999997,0.13656747683930304,0.08097975305779705,0.07181658415173792,0.0615,0.0,0.0,0.0,0.0,-0.029,0.225,0.0,0.23600000000000004,0.0,0.183
4,7,-0.025000000000000022,-0.18600773735168286,0.040207961209403675,0.01299561069949512,-0.025000000000000022,0.0,-0.0020000000000000018,0.0,0.0,0.0,0.264,0.0,0.278,0.0,-0.79
5,2,0.08199999999999999,0.1471775987277777,0.08950158201399505,-0.0031705459796809166,0.08199999999999999,0.0,0.0010000000000000009,-0.0010000000000000009,0.0,-0.044,0.297,0.0,0.23299999999999998,0.0,0.33399999999999996
5,6,-0.014000000000000012,0.16899043988115103,-0.008279822858327873,0.006506731067102034,-0.013999999999999957,0.0,-0.0030000000000000027,0.0,0.0,0.0,-0.03600000000000003,0.0,0.05099999999999999,0.0,-0.15200000000000002
5,0,0.0005999999999999894,0.16808811696573578,0.0039784677993681405,0.005289364724975931,0.0005999999999999894,0.0,-0.0020000000000000018,0.0,0.0,0.0,0.01799999999999996,0.0,-0.008000000000000007,0.0,-0.0020000000000000018
5,7,0.018899999999999972,-0.2330444148554207,0.0865705333613723,0.042135711566231165,0.018900000000000028,0.0,-0.0040000000000000036,0.0,0.0,0.0,0.408,0.0,0.423,0.0,-0.638
5,5,0.018600000000000005,-0.4592850611994441,0.08444026131771909,0.16599374322295554,0.018600000000000005,0.0,0.0020000000000000018,-0.0050000000000000044,0.0,0.0,0.411,0.0,-0.567,0.0,0.345
5,4,0.09629999999999997,-0.02168090122576327,0.1077156374775626,-0.00349230264158501,0.09629999999999997,0.0,0.0030000000000000027,-0.0010000000000000009,0.0,0.0,0.345,-0.02,0.367,0.0,0.26899999999999996
5,3,0.0232,-0.4439277298534261,0.092189681230471,0.1736727670352603,0.0232,0.0,-0.0010000000000000009,-0.0010000000000000009,0.0,0.0,-0.54,0.0,0.429,0.0,0.345
5,1,0.019699999999999995,0.09440945817258806,0.017474362106937896,0.002656576205502137,0.019699999999999995,0.0,0.0010000000000000009,-0.0020000000000000018,0.0,0.0,0.04099999999999998,0.0,0.10699999999999998,0.0,0.04999999999999999
6,7,0.0499,-0.2750812110047751,0.11167712001271118,0.04728317769124585,0.0499,0.0,-0.0030000000000000027,-0.0010000000000000009,0.0,0.0,0.473,0.0,0.511,0.0,-0.481
6,3,0.055999999999999994,-0.48813955166850187,0.12312659551210561,0.17950291149330833,0.05600000000000005,0.0,-0.0010000000000000009,-0.0010000000000000009,0.0,0.0,-0.486,0.0,0.545,0.0,0.503
6,0,-0.003300000000000025,0.17565045798548473,0.0012251271990200152,0.007133359865953259,-0.0032999999999999696,0.0,-0.0040000000000000036,0.0,0.0,0.0,0.009000000000000008,0.0,-0.017999999999999905,0.0,-0.020000000000000018
6,1,0.006000000000000005,0.12738990936035544,0.0027972277253161537,-0.0015311144910356567,0.006000000000000061,0.0,0.0010000000000000009,-0.0030000000000000027,0.0,0.0,0.019999999999999962,0.0,0.025000000000000022,0.0,0.017000000000000015
6,4,0.10189999999999999,-0.045120789981878406,0.0970450598254482,-9.608340725647535e-05,0.10190000000000007,0.0,0.0040000000000000036,-0.0030000000000000027,0.0,0.0,0.344,-0.042,0.36300000000000004,0.0,0.353
6,2,0.08050000000000002,0.21806237948969143,0.07733128870548273,-0.0037044544035675364,0.08050000000000007,0.0,0.0020000000000000018,0.0,0.0,-0.09,0.296,0.0,0.15900000000000003,0.0,0.438
6,5,0.05219999999999997,-0.49849136264179483,0.11651986702215408,0.07334933817795117,0.05220000000000008,0.0,0.0020000000000000018,-0.0050000000000000044,0.0,0.0,0.478,0.0,-0.45399999999999996,0.0,0.501
6,6,-0.012400000000000022,0.16171242710881328,-0.006036539995935841,0.0062103292186899695,-0.012399999999999911,0.0,-0.0030000000000000027,0.0,0.0,0.0,-0.025000000000000022,0.0,0.019000000000000017,0.0,-0.11499999999999999
7,7,0.06709999999999999,-0.30078174892705833,0.11976167540868204,0.023699096067165137,0.06709999999999994,0.0,0.0,-0.0010000000000000009,0.0,0.0,0.526,0.0,0.533,0.0,-0.387
7,1,0.008199999999999985,0.1202527341751245,0.004526022075426739,-0.00010550724620250751,0.008199999999999985,0.0,0.0040000000000000036,-0.0040000000000000036,0.0,0.0,0.028000000000000025,0.0,0.026000000000000023,0.0,0.028000000000000025
7,0,-0.0038000000000000256,0.19434500502321272,0.0008649760092616088,0.006695377099485866,-0.0038000000000000256,0.0,-0.0010000000000000009,0.0,0.0,0.0,0.013000000000000012,0.0,-0.02100000000000002,0.0,-0.029000000000000026
7,4,0.0932,-0.016312128438736195,0.07546545506943908,-0.002011469777678576,0.09319999999999995,0.0,0.0050000000000000044,-0.0020000000000000018,0.0,0.0,0.34400000000000003,-0.057,0.287,0.0,0.355
7,2,0.06640000000000001,0.1958170508424315,0.05489034263937484,-0.007539355910083256,0.06640000000000001,0.0,0.0040000000000000036,0.0,0.0,-0.104,0.29300000000000004,0.0,0.03300000000000003,0.0,0.43799999999999994
7,3,0.07819999999999999,-0.5057971340398821,0.14187233514706046,0.18488246505597006,0.07819999999999999,0.0,0.0010000000000000009,-0.0010000000000000009,0.0,0.0,-0.42999999999999994,0.0,0.611,0.0,0.601
7,5,0.0746,-0.5189136917979571,0.1350044074660435,0.0793898334923579,0.0746,0.0,0.0030000000000000027,-0.006000000000000005,0.0,0.0,0.543,0.0,-0.388,0.0,0.594
7,6,-0.012500000000000011,0.18413928217781228,-0.005964224218270142,0.0047612973664789005,-0.012500000000000011,0.0,-0.0010000000000000009,0.0,0.0,0.0,-0.017000000000000015,0.0,0.01100000000000001,0.0,-0.118
8,7,0.07790000000000002,-0.31253414946242275,0.12486629159717447,0.021398869492429418,0.07790000000000002,0.0,0.0,-0.0010000000000000009,0.0,0.0,0.563,0.0,0.539,0.0,-0.32199999999999995
8,5,0.0887,-0.5277636721492196,0.14560913940367948,-0.015541944958481602,0.0887,0.0,0.0030000000000000027,-0.0050000000000000044,0.0,0.0,0.584,0.0,-0.347,0.0,0.652
8,2,0.05180000000000001,0.20235620748501626,0.03648671886014121,-0.013385623321480189,0.05180000000000001,0.0,0.0020000000000000018,0.0020000000000000018,0.0,-0.134,0.27499999999999997,0.0,-0.02300000000000002,0.0,0.396
8,1,0.0046000000000000485,0.15285383855192025,0.0025436777511737008,-0.00018066090852669747,0.0046000000000000485,0.0,0.0040000000000000036,-0.0030000000000000027,0.0,0.0,-0.013000000000000012,0.0,0.04700000000000004,0.0,0.01100000000000001
8,6,-0.010299999999999976,0.17378896722397474,-0.0037251728406614837,0.004382662686389316,-0.010299999999999976,0.0,0.0,0.0010000000000000009,0.0,0.0,-0.026000000000000023,0.0,0.027000000000000024,0.0,-0.10499999999999998
8,4,0.0791,-0.026757142795160505,0.05648075442109446,-0.00360440617111335,0.0791,0.0,0.0030000000000000027,0.0,0.0,0.0,0.292,-0.081,0.274,0.0,0.30300000000000005
8,3,0.0927,-0.5241712807847287,0.15410314273888007,0.1895143769456916,0.09270000000000006,0.0,0.0,-0.0010000000000000009,0.0,0.0,-0.393,0.0,0.652,0.0,0.669
8,0,-0.004799999999999971,0.20324408931854032,6.743182720203578e-06,-0.03427987144399708,-0.004799999999999971,0.0,0.0,0.0010000000000000009,0.0,0.0,0.0040000000000000036,-0.002,-0.01100000000000001,0.0,-0.039999999999999925
9,2,0.03989999999999999,0.2602761766781061,0.02277581813010965,0.01611859225925555,0.039899999999999936,0.0,0.0,0.007000000000000006,0.0,-0.225,0.21999999999999997,0.002,0.008000000000000007,0.0,0.387
9,7,0.0887,-0.35637961713650723,0.12931637350236114,0.05892584970411857,0.08869999999999995,0.0,0.0,0.0,0.0,0.0,0.58,0.002,0.564,0.0,-0.259
9,6,-0.006500000000000006,0.1570195005343744,-0.0009768652810911993,0.0052651517410968185,-0.006500000000000061,0.0,0.0,0.0020000000000000018,0.0,0.0,0.0050000000000000044,0.0,0.01100000000000001,0.0,-0.08299999999999996
9,0,-0.0048000000000000265,0.21047248969824572,0.00025136456161611864,0.01120355753660629,-0.0048000000000000265,0.0,0.0,0.0030000000000000027,0.0,0.0,0.02300000000000002,-0.001,-0.026000000000000023,0.0,-0.04700000000000004
9,3,0.10719999999999996,-0.5493342487956769,0.16595014560167845,0.22740085123830034,0.10719999999999996,0.0,0.0,-0.0010000000000000009,0.0,0.0,-0.377,0.002,0.714,0.0,0.734
9,1,0.004599999999999993,0.14195223395435974,0.0014627174489147965,-0.011590831483846487,0.0045999999999999375,0.0,0.0030000000000000027,-0.0030000000000000027,0.0,0.0,-0.01100000000000001,-0.002,0.04599999999999993,0.0,0.013000000000000012
9,5,0.10219999999999996,-0.5571379433043848,0.15502935570730003,0.02320191392750487,0.10219999999999996,0.0,0.0010000000000000009,-0.0040000000000000036,0.0,0.0,0.609,0.002,-0.28600000000000003,0.0,0.7
9,4,0.06379999999999997,-0.02736794529631492,0.03752965272775566,0.023344602961716254,0.06379999999999991,0.0,0.0020000000000000018,0.0,0.0,0.0,0.27499999999999997,-0.12,0.20699999999999996,0.0,0.27399999999999997
10,3,0.11459999999999998,-0.5568020477081643,0.17220387665012243,0.14210419803098018,0.11460000000000004,0.0,0.0,-0.0010000000000000009,0.0,0.0,-0.353,0.004,0.738,0.0,0.758
10,6,-0.005200000000000038,0.199974069199242,2.3856706698077712e-05,0.014317447629619895,-0.005199999999999982,0.0,0.0,0.0030000000000000027,0.0,0.0,-0.007000000000000006,-0.001,0.02300000000000002,0.0,-0.06999999999999995
10,2,0.035699999999999954,0.17815318199011454,0.016599687183012635,0.024980253485907156,0.035699999999999954,0.0,0.0010000000000000009,0.007000000000000006,0.0,-0.201,0.178,0.004,0.02300000000000002,0.0,0.34500000000000003
10,7,0.0917,-0.35428542717577205,0.12774948016159438,0.06894474090735403,0.0917,0.0,0.0,0.0,0.0,0.0,0.591,0.004,0.556,0.0,-0.23399999999999999
10,4,0.048299999999999954,-0.05650095322642468,0.023747012470721363,0.030979509224048407,0.04830000000000001,0.0,0.0020000000000000018,0.0,0.0,0.0,0.21800000000000003,-0.11399999999999999,0.15100000000000002,0.0,0.22599999999999998
10,0,-0.005200000000000038,0.23117904845898885,-0.001192796437955057,-0.05735443410071017,-0.005199999999999982,0.0,0.0,0.0040000000000000036,0.0,-0.001,0.017000000000000015,-0.009,-0.027000000000000024,0.0,-0.03600000000000003
10,5,0.10759999999999997,-0.5461734129597966,0.157588388735352,0.038214695846146285,0.10759999999999997,0.0,0.0,-0.0030000000000000027,0.0,0.0,0.63,0.004,-0.262,0.0,0.707
10,1,-0.0009000000000000119,0.17856832776968456,-0.002655242738178132,0.004020592141198931,-0.0009000000000000674,0.0,0.0020000000000000018,-0.0030000000000000027,0.0,0.0,-0.0020000000000000018,-0.003,0.017000000000000015,0.0,-0.020000000000000018
11,1,0.0005000000000000004,0.1882763880129441,-0.001487730258451725,-0.025600095265228884,0.0004999999999999449,0.0,0.0,0.0,0.0,-0.001,0.0,-0.006,0.027000000000000024,0.0,-0.015000000000000013
11,4,0.031700000000000006,0.01351161658192579,0.009795773480143988,0.034373000209785454,0.031700000000000006,0.0,0.0030000000000000027,0.0020000000000000018,0.0,0.0,0.17800000000000005,-0.13799999999999998,0.10799999999999998,0.0,0.16400000000000003
11,0,-0.003300000000000025,0.22146607625979575,0.00020407868095717596,-0.027719308278472632,-0.0032999999999999696,0.0,-0.0010000000000000009,0.006000000000000005,0.0,-0.002,0.015000000000000013,-0.008000000000000002,-0.02300000000000002,0.0,-0.020000000000000018
11,3,0.12229999999999996,-0.5769316723552373,0.17912734066186692,0.15421570705085463,0.12230000000000002,0.0,0.0,-0.0010000000000000009,0.0,0.0,-0.32799999999999996,0.009,0.759,0.0,0.784
11,7,0.0937,-0.37078938849817833,0.12541509530113765,0.07537663896484254,0.09369999999999995,0.0,0.0,0.0,0.0,0.0,0.6000000000000001,0.009,0.538,0.0,-0.20999999999999996
11,6,-0.004200000000000037,0.17922818013273467,0.0005994783550886673,0.018547340870253226,-0.0041999999999999815,0.0,0.0,0.0030000000000000027,0.0,-0.001,0.0020000000000000018,0.002999999999999999,0.0030000000000000027,0.0,-0.051999999999999935
11,2,0.026600000000000013,0.17666917144300065,0.007766542805175192,0.02865927585070105,0.026599999999999957,0.0,0.0010000000000000009,0.006000000000000005,0.0,-0.191,0.16500000000000004,0.009,-0.0020000000000000018,0.0,0.278
11,5,0.1119,-0.5610198784179201,0.1579478855768305,-0.04836734765455386,0.11189999999999994,0.0,0.0,-0.0020000000000000018,0.0,0.0,0.652,0.008,-0.241,0.0,0.7020000000000001
12,1,-0.0005000000000000004,0.1516840709284093,-0.0026045946459687386,-0.02393445296784147,-0.0005000000000000004,0.0,0.0020000000000000018,-0.0030000000000000027,0.0,-0.003,0.010000000000000009,-0.0010000000000000009,0.010000000000000009,0.0,-0.019999999999999907
12,6,-0.0039000000000000146,0.15821678493731328,0.0008461231781247136,0.011744591515025826,-0.00390000000000007,0.0,0.0,0.0040000000000000036,0.0,-0.002,0.008000000000000007,0.0019999999999999983,0.007000000000000006,0.0,-0.05799999999999994
12,7,0.09719999999999995,-0.38896747937979415,0.12698234206002273,0.10928557384618409,0.09719999999999995,0.0,0.0010000000000000009,-0.0010000000000000009,0.0,0.002,0.6090000000000001,0.019,0.536,0.0,-0.19399999999999995
12,2,0.019199999999999995,0.19606374323177667,0.0025032762409069598,-0.04218922458849633,0.01919999999999994,0.0,0.0020000000000000018,0.0050000000000000044,0.0,-0.23399999999999999,0.19100000000000006,0.018,-0.031000000000000028,0.0,0.241
12,4,0.021399999999999975,0.03755230339952176,0.0010105840142723421,0.05920572843755717,0.021399999999999975,0.0,0.0040000000000000036,0.0040000000000000036,0.0,0.002,0.122,-0.194,0.121,0.0,0.15500000000000003
12,0,-0.0038000000000000256,0.2226015877799865,-0.0001397789783763037,-0.027814781282145595,-0.0038000000000000256,0.0,0.0,0.006000000000000005,0.0,-0.003,0.007000000000000006,-0.010000000000000002,-0.016000000000000014,0.0,-0.02199999999999991
12,5,0.11609999999999998,-0.5740784909397649,0.15962100239116284,-0.014408273809084049,0.11609999999999998,0.0,0.0,0.0,0.0,0.002,0.67,0.018,-0.22199999999999998,0.0,0.6930000000000001
12,3,0.1286,-0.5949759075816825,0.1852080027720196,0.08863166596488742,0.1286,0.0,0.0,-0.0010000000000000009,0.0,0.002,-0.30899999999999994,0.018,0.778,0.0,0.798
13,6,-0.0020999999999999908,0.1587293787886157,0.001454083547931695,0.016912856548222888,-0.0020999999999999908,0.0,0.0,0.0050000000000000044,0.0,-0.002,0.0129999999999999,0.0020000000000000018,-0.0030000000000000027,0.0,-0.03600000000000003
13,0,-0.0041999999999999815,0.2361533276189247,-0.0002979355764332059,-0.001408337517838032,-0.0041999999999999815,0.0,0.0,0.006000000000000005,0.0,-0.006,0.017999999999999905,-0.008999999999999998,-0.030999999999999917,0.0,-0.020000000000000018
13,7,0.0993,-0.39408731574829403,0.12750617005155684,0.05894568079631857,0.0993,0.0,0.0010000000000000009,-0.0010000000000000009,0.0,0.006,0.606,0.027000000000000003,0.522,0.0,-0.16800000000000004
13,1,-0.003500000000000003,0.17026102009672694,-0.006066364736557528,-0.0025273759692062137,-0.003500000000000003,0.0,0.0020000000000000018,-0.0010000000000000009,0.0,0.0,0.0010000000000000009,-0.006000000000000002,-0.0010000000000000009,0.0,-0.030000000000000027
13,5,0.12009999999999998,-0.5769326614495665,0.1628935935388887,0.003186160039513053,0.12009999999999998,0.0,0.0,0.0,0.0,0.006,0.6789999999999999,0.026000000000000002,-0.21299999999999997,0.0,0.703
13,3,0.13379999999999997,-0.5973451705024648,0.19019348652206358,0.10678380210001948,0.13380000000000003,0.0,0.0,-0.0010000000000000009,0.0,0.006,-0.30000000000000004,0.023,0.787,0.0,0.823
13,4,0.01090000000000002,0.038480299349409997,-0.005699634872597725,0.07225069714421867,0.01090000000000002,0.0,0.0030000000000000027,0.0050000000000000044,0.0,0.006,0.11699999999999999,-0.208,0.06900000000000006,0.0,0.11699999999999999
13,2,0.010299999999999976,0.17760630956473022,-0.004683031372752611,-0.031018183055953996,0.010299999999999976,0.0,0.0010000000000000009,0.007000000000000006,0.0,-0.26,0.1409999999999999,0.027000000000000003,-0.016000000000000014,0.0,0.20299999999999996
14,2,0.007900000000000018,0.13658001019170118,-0.00606164195139669,-0.0002799364873449228,0.007899999999999963,0.0,0.0020000000000000018,0.0040000000000000036,0.0,-0.263,0.132,0.039,-0.02300000000000002,0.0,0.18799999999999994
14,7,0.09990000000000004,-0.40203304260302675,0.12677157531959043,0.048199889428606535,0.09990000000000004,0.0,0.0010000000000000009,-0.0030000000000000027,0.0,0.012,0.608,0.034,0.49900000000000005,0.0,-0.15200000000000002
14,0,-0.00379999999999997,0.22895952345083304,-6.355347105296838e-05,0.013400122365864242,-0.0038000000000000256,0.0,0.0,0.0050000000000000044,0.0,-0.002999999999999999,0.027999999999999914,-0.012999999999999998,-0.03499999999999992,0.0,-0.020000000000000018
14,4,0.0040000000000000036,0.038072596723659924,-0.008950849580180109,0.07840144919117581,0.0040000000000000036,0.0,0.0020000000000000018,0.0040000000000000036,0.0,0.012,0.08999999999999997,-0.23999999999999996,0.052000000000000046,0.0,0.12
14,6,-0.0013999999999999568,0.16864337974463028,0.003234008804285926,0.02292765744088754,-0.0013999999999999013,0.0,0.0,0.0030000000000000027,0.0,-0.002,0.014000000000000012,0.0040000000000000036,0.0,0.0,-0.03300000000000003
14,1,-0.0033999999999999586,0.18820687871390618,-0.005948249400756889,-0.002646050921313148,-0.0033999999999999586,0.0,0.0020000000000000018,-0.0030000000000000027,0.0,-0.005000000000000001,0.0010000000000000009,-0.006999999999999999,-0.013000000000000012,0.0,-0.009000000000000008
14,3,0.1375,-0.6061964568238669,0.19427573161415224,0.04319842756710057,0.1375,0.0,0.0,-0.0030000000000000027,0.0,0.011,-0.28600000000000003,0.034,0.782,0.0,0.837
14,5,0.12010000000000004,-0.5763348398117212,0.16025585874007886,-0.05379577185958773,0.12010000000000004,0.0,0.0,-0.0030000000000000027,0.0,0.011,0.6829999999999999,0.034,-0.21799999999999997,0.0,0.694
15,6,-0.0016999999999999793,0.17442091318745945,0.0026725928217087302,0.015255290300244473,-0.0017000000000000348,0.0,0.0,0.0030000000000000027,0.0,-0.002999999999999999,0.03200000000000003,0.000999999999999994,-0.027000000000000024,0.0,-0.02300000000000002
15,4,0.004599999999999993,-0.014755407461342962,-0.009079380248431967,0.07367923138207932,0.004599999999999993,0.0,0.0020000000000000018,0.0030000000000000027,0.0,0.01,0.07599999999999996,-0.21000000000000002,0.05800000000000005,0.0,0.10699999999999998
15,2,0.0050000000000000044,0.12348584016671937,-0.008566619940108933,-0.005798901486626873,0.004999999999999949,0.0,0.0020000000000000018,0.006000000000000005,0.0,-0.255,0.10699999999999998,0.039999999999999994,-0.02300000000000002,0.0,0.17299999999999993
15,1,-0.003400000000000014,0.20853566095090148,-0.006499932674728981,-0.006493940274798771,-0.0034000000000000696,0.0,0.0010000000000000009,-0.0030000000000000027,0.0,-0.007000000000000001,-0.007000000000000006,-0.015000000000000006,0.01200000000000001,0.0,-0.015000000000000013
15,7,0.0968,-0.38869493038128766,0.12109754966578345,0.038217948571740046,0.09679999999999994,0.0,0.0010000000000000009,-0.0030000000000000027,0.0,0.01,0.617,0.03,0.465,0.0,-0.15200000000000002
15,5,0.11780000000000002,-0.5596328318690342,0.15516705047955384,-0.049777384525767576,0.11779999999999996,0.0,0.0,-0.0040000000000000036,0.0,0.008,0.7,0.030999999999999996,-0.22799999999999998,0.0,0.671
15,3,0.1375,-0.5959513328326778,0.19261999129736918,0.048236344381715535,0.13749999999999996,0.0,0.0,-0.0030000000000000027,0.0,0.009000000000000001,-0.264,0.03,0.772,0.0,0.831
15,0,-0.004500000000000004,0.24811101188294016,-0.0012622153634587185,0.009398920898663121,-0.004500000000000004,0.0,0.0,0.0040000000000000036,0.0,-0.007000000000000001,0.01100000000000001,-0.016,-0.02100000000000002,0.0,-0.016000000000000014
16,3,0.14039999999999997,-0.5954609122900916,0.19417433969038886,0.041166367917499336,0.14040000000000002,0.0,0.0,-0.0040000000000000036,0.0,0.012,-0.28200000000000003,0.034,0.803,0.0,0.841
16,7,0.09870000000000001,-0.3955476238323854,0.12217045532173648,0.0017982571978195638,0.09870000000000007,0.0,0.0,-0.006000000000000005,0.0,0.013000000000000001,0.598,0.034,0.48100000000000004,0.0,-0.133
16,1,-0.0040999999999999925,0.20330209625414808,-0.007030666061828339,-0.012762145986793316,-0.004099999999999937,0.0,0.0010000000000000009,-0.0040000000000000036,0.0,-0.007000000000000001,0.0030000000000000027,-0.015,-0.0050000000000000044,0.0,-0.014000000000000012
16,5,0.1184,-0.566334432687241,0.15314715129894202,-0.02389249867466947,0.1184,0.0,0.0,-0.0050000000000000044,0.0,0.011,0.6749999999999999,0.034,-0.19499999999999995,0.0,0.6639999999999999
16,2,-0.0049000000000000155,0.15741602757487438,-0.0159878653357155,-0.006337467490664106,-0.00489999999999996,0.0,0.0020000000000000018,0.0050000000000000044,0.0,-0.292,0.10399999999999998,0.046,-0.018999999999999906,0.0,0.10499999999999998
16,4,0.0015000000000000013,-0.03579921958545507,-0.01114717858564035,0.05895738003567397,0.0015000000000000568,0.0,0.0020000000000000018,0.0020000000000000018,0.0,0.014,0.050999999999999934,-0.187,0.05700000000000005,0.0,0.07599999999999996
16,0,-0.0040000000000000036,0.23440394157799682,-0.0006354086701919615,0.0004883851984600063,-0.0040000000000000036,0.0,0.0,0.0040000000000000036,0.0,-0.004999999999999999,0.0030000000000000027,-0.017,0.0,0.0,-0.025000000000000022
16,6,-0.0007000000000000339,0.19745115997692286,0.003904289594455268,0.012862510627928037,-0.0006999999999999784,0.0,0.0,0.0030000000000000027,0.0,-0.003000000000000001,0.03199999999999992,0.0020000000000000018,-0.0119999999999999,0.0,-0.029000000000000026
17,1,-0.0036000000000000476,0.19183911111788987,-0.007570312028720272,-0.01216789671325813,-0.0035999999999999366,0.0,0.0010000000000000009,-0.0010000000000000009,0.0,-0.009000000000000001,0.0020000000000000018,-0.020999999999999998,-0.0020000000000000018,0.0,-0.006000000000000005
17,6,-0.0011000000000000454,0.17451615341174342,0.003226084361983572,0.011409246080933522,-0.0010999999999999899,0.0,0.0,0.0040000000000000036,0.0,-0.004,0.03200000000000003,0.003999999999999997,-0.02200000000000002,0.0,-0.025000000000000022
17,4,-0.0037000000000000366,-0.00023686657317512072,-0.015246584302402055,0.05530459928657622,-0.003699999999999981,0.0,0.0020000000000000018,0.0020000000000000018,0.0,0.018,0.04500000000000004,-0.22800000000000004,0.04800000000000004,0.0,0.07599999999999996
17,7,0.09709999999999996,-0.4002335795198384,0.11798690629993352,0.0025302608647524982,0.09710000000000002,0.0,0.0,-0.0040000000000000036,0.0,0.016,0.605,0.033,0.448,0.0,-0.127
17,3,0.1422,-0.6027525659567252,0.1947171736162576,0.06663724528017978,0.14220000000000005,0.0,0.0,-0.0030000000000000027,0.0,0.015,-0.249,0.033,0.788,0.0,0.838
17,2,-0.01200000000000001,0.13935292528841048,-0.022100074506335388,-0.017321481939981176,-0.01200000000000001,0.0,0.0030000000000000027,0.008000000000000007,0.0,-0.33099999999999996,0.08299999999999996,0.047,-0.006000000000000005,0.0,0.07599999999999996
17,5,0.11669999999999997,-0.566084179253624,0.14836418431873055,-0.027071820595413465,0.11670000000000003,0.0,0.0,-0.0050000000000000044,0.0,0.012999999999999998,0.695,0.032,-0.20999999999999996,0.0,0.642
17,0,-0.0047000000000000375,0.2457802352813867,-0.0014438054911514175,-0.0020877983325007787,-0.0046999999999999265,0.0,0.0,0.0050000000000000044,0.0,-0.008,-0.0020000000000000018,-0.019999999999999997,-0.006000000000000005,0.0,-0.016000000000000014
18,0,-0.00379999999999997,0.2543843839876949,-0.0005617412201765482,0.01038101410721426,-0.0037999999999999146,0.0,0.0,0.007000000000000006,0.0,-0.009000000000000001,0.017000000000000015,-0.019999999999999997,-0.016999999999999904,0.0,-0.016000000000000014
18,7,0.09570000000000001,-0.39368596777748355,0.11507916995189985,0.008091758473538657,0.09570000000000006,0.0,0.0,-0.0040000000000000036,0.0,0.017,0.593,0.037000000000000005,0.44200000000000006,0.0,-0.128
18,2,-0.008299999999999974,0.13752240647142333,-0.0186303824567704,0.001199974181455843,-0.008299999999999919,0.0,0.0020000000000000018,0.008000000000000007,0.0,-0.297,0.10899999999999999,0.054000000000000006,-0.038999999999999924,0.0,0.07999999999999996
18,3,0.14350000000000002,-0.5909098641940957,0.19505954105884932,0.07843101948478937,0.14350000000000013,0.0,0.0,-0.0030000000000000027,0.0,0.015,-0.25,0.035,0.807,0.0,0.831
18,6,-0.0012999999999999678,0.17090032923335885,0.0019949205213203314,-0.08790716328902914,-0.0012999999999999678,0.0,0.0,0.0030000000000000027,0.0,-0.005000000000000001,0.015000000000000013,0.0,-0.0020000000000000018,-0.001,-0.02300000000000002
18,1,-0.0025000000000000022,0.19270772294114602,-0.006173310100550167,-0.00643397064694462,-0.0024999999999999467,0.0,0.0020000000000000018,0.0,0.0,-0.004,0.013000000000000012,-0.022,0.0010000000000000009,0.0,-0.015000000000000013
18,5,0.11760000000000004,-0.5588860999281029,0.14842983598218143,-0.014985661273786033,0.1176000000000001,0.0,0.0010000000000000009,-0.0040000000000000036,0.0,0.013000000000000001,0.69,0.03900000000000001,-0.19099999999999995,0.0,0.628
18,4,-0.0020000000000000018,-0.015968414160389965,-0.012596004900083502,0.06007789786704476,-0.0019999999999998908,0.0,0.0020000000000000018,0.0030000000000000027,0.0,0.02,0.03600000000000003,-0.20600000000000002,0.05700000000000005,0.0,0.06799999999999995
19,1,-0.0040999999999999925,0.20491331491988296,-0.007144540422962364,-0.008244877827738417,-0.004100000000000048,0.0,0.0010000000000000009,-0.0010000000000000009,0.0,-0.0020000000000000018,0.017000000000000015,-0.029000000000000012,-0.01200000000000001,0.0,-0.015000000000000013
19,4,-0.006800000000000028,-0.020653542619162746,-0.014993539648080423,0.05437596888421531,-0.006800000000000028,0.0,0.0020000000000000018,0.0020000000000000018,0.0,0.026,0.020000000000000018,-0.236,0.06299999999999994,0.0,0.05500000000000005
19,0,-0.003200000000000036,0.22575345854408813,0.0001232204910165957,0.004523505009055906,-0.0032000000000000917,0.0,0.0,0.006000000000000005,0.0,-0.009000000000000005,0.014000000000000012,-0.019000000000000003,-0.010000000000000009,0.0,-0.014000000000000012
19,3,0.14400000000000002,-0.6029867573668017,0.19342010497213868,0.09770817584839664,0.14399999999999996,0.0,0.0,-0.0040000000000000036,0.0,0.019,-0.257,0.040999999999999995,0.818,0.0,0.823
19,5,0.1159,-0.5822722123453792,0.14438082254341578,-0.015558430916359334,0.11589999999999989,0.0,0.0010000000000000009,-0.0040000000000000036,0.0,0.016,0.675,0.047999999999999994,-0.18000000000000005,0.0,0.603
19,6,0.00029999999999996696,0.17749587605936457,0.004311981623130123,-0.08770149842297092,0.00029999999999991145,0.0,0.0,0.0050000000000000044,0.0,-0.0020000000000000018,0.02100000000000002,0.00399999999999999,0.0030000000000000027,-0.002,-0.026000000000000023
19,2,-0.009500000000000008,0.1635179881470652,-0.017721122329147687,-0.0007721039018235842,-0.009500000000000064,0.0,0.0030000000000000027,0.008000000000000007,0.0,-0.317,0.11699999999999999,0.06499999999999999,-0.028000000000000025,0.0,0.05700000000000005
19,7,0.09739999999999999,-0.41950389790458775,0.11615059479361978,0.015127943314846681,0.09739999999999993,0.0,0.0,-0.0050000000000000044,0.0,0.022,0.581,0.039999999999999994,0.44999999999999996,0.0,-0.11399999999999999
20,6,-0.0023000000000000242,0.18680563216773072,0.0011143482443779495,-0.09721924701846746,-0.0022999999999999687,0.0,0.0,0.0040000000000000036,0.0,-0.008000000000000004,0.020000000000000018,0.0020000000000000018,-0.016999999999999904,-0.002,-0.02200000000000002
20,0,-0.004300000000000026,0.23803898587394423,-0.001640123477799682,0.003937367818599713,-0.004300000000000026,0.0,0.0,0.006000000000000005,0.0,-0.012,0.0050000000000000044,-0.019000000000000003,-0.007999999999999896,0.0,-0.015000000000000013
20,5,0.11159999999999998,-0.5635086793107349,0.1378611552441334,-0.009030025020859866,0.11159999999999998,0.0,0.0010000000000000009,-0.0030000000000000027,0.0,0.016,0.662,0.052000000000000005,-0.18799999999999994,0.0,0.5760000000000001
20,1,-0.005599999999999994,0.20558159115215435,-0.009311486951679993,-0.010474242511321286,-0.005599999999999994,0.0,0.0010000000000000009,-0.0010000000000000009,0.0,-0.008999999999999998,-0.0040000000000000036,-0.025999999999999995,-0.0029999999999998916,0.0,-0.014000000000000012
20,7,0.09570000000000001,-0.41119060805811314,0.11380563080516332,0.011560878052524148,0.09569999999999995,0.0,0.0,-0.0050000000000000044,0.0,0.02,0.57,0.045000000000000005,0.43700000000000006,0.0,-0.10999999999999999
20,2,-0.014100000000000001,0.13143270922164163,-0.02128748801967678,0.008876359543862566,-0.014100000000000001,0.0,0.0030000000000000027,0.008000000000000007,0.0,-0.345,0.08199999999999996,0.07200000000000001,-0.02399999999999991,0.0,0.06300000000000006
20,3,0.14279999999999998,-0.5903170424909261,0.1912798485810323,0.10125328490272861,0.14279999999999998,0.0,0.0,-0.0030000000000000027,0.0,0.019,-0.259,0.047,0.81,0.0,0.8140000000000001
20,4,-0.008500000000000008,-0.04007859161486671,-0.015506444529238828,0.05348806556290747,-0.008500000000000008,0.0,0.0020000000000000018,0.0030000000000000027,0.0,0.027,0.02300000000000002,-0.23399999999999999,0.04500000000000004,0.0,0.049000000000000044
21,4,-0.009199999999999986,-0.0356438681721305,-0.01518888836213278,-0.04710114959660544,-0.009200000000000041,0.0,0.0020000000000000018,0.0030000000000000027,0.0,0.037,0.0020000000000000018,-0.24100000000000002,0.05600000000000005,0.0,0.049000000000000044
21,1,-0.0040999999999999925,0.1764139032211549,-0.007750322632727014,-0.005638295733768117,-0.0040999999999999925,0.0,0.0010000000000000009,-0.0010000000000000009,0.0,-0.006999999999999999,0.019000000000000017,-0.023000000000000007,-0.0119999999999999,0.0,-0.018000000000000016
21,3,0.1436,-0.6045787159246379,0.19007074189560882,0.10977637731046924,0.14359999999999995,0.0,0.0,-0.0020000000000000018,0.0,0.03,-0.248,0.046,0.808,0.0,0.802
21,7,0.09670000000000001,-0.4286371854166635,0.11369922714447311,0.009991398213623659,0.09670000000000001,0.0,0.0,-0.0040000000000000036,0.0,0.027999999999999997,0.5609999999999999,0.049999999999999996,0.43600000000000005,0.0,-0.10399999999999998
21,2,-0.019399999999999973,0.21824604558487692,-0.019840972217406827,0.009877523407512023,-0.019399999999999973,0.0,0.0020000000000000018,0.02100000000000002,0.0,-0.42100000000000004,0.08999999999999997,0.079,-0.0020000000000000018,0.0,0.03700000000000003
21,5,0.1109,-0.5752247491964515,0.13565632263031793,-0.0006586271978270553,0.1109,0.0,0.0,-0.0020000000000000018,0.0,0.025,0.669,0.052,-0.18899999999999995,0.0,0.554
21,0,-0.0020000000000000018,0.189644102090464,0.0011017445452513042,0.009628138491818428,-0.0020000000000000018,0.0,0.0,0.008000000000000007,0.0,-0.0049999999999999975,0.0040000000000000036,-0.010000000000000009,-0.005999999999999894,0.0,-0.01100000000000001
21,6,-0.0006999999999999784,0.14493114270341279,0.0018621499482907033,-0.09177662173297618,-0.0006999999999999229,0.0,0.0,0.0040000000000000036,0.0,-0.0049999999999999975,0.03300000000000003,0.0020000000000000018,-0.006999999999999895,-0.005,-0.029000000000000026
22,1,-0.004200000000000037,0.20867735737809712,-0.007383530921751924,-0.002196785047928529,-0.0042000000000000925,0.0,0.0010000000000000009,-0.0010000000000000009,0.0,-0.008,0.0010000000000000009,-0.02600000000000001,0.007999999999999896,0.0,-0.017000000000000015
22,2,-0.014200000000000046,0.16641563615098143,-0.016766853810078586,0.02885505904010205,-0.014200000000000046,0.0,0.0020000000000000018,0.008000000000000007,0.0,-0.36200000000000004,0.09999999999999998,0.08399999999999999,-0.028000000000000025,0.0,0.05400000000000005
22,0,-0.0017000000000000348,0.22619053426261138,0.00211349134791472,0.017345239402231705,-0.0017000000000000348,0.0,0.0,0.006000000000000005,0.0,-0.006999999999999999,0.029000000000000026,-0.020000000000000004,-0.013000000000000012,0.0,-0.01200000000000001
22,3,0.14489999999999997,-0.5934010248976396,0.1918658948699206,0.12159636064910567,0.14489999999999997,0.0,0.0,-0.0030000000000000027,0.0,0.028999999999999998,-0.244,0.049999999999999996,0.82,0.0,0.797
22,6,-0.0017000000000000348,0.1886434505541863,0.0010004184593521148,-0.08508767061250644,-0.0017000000000000348,0.0,-0.0010000000000000009,0.0010000000000000009,0.0,-0.008,0.03200000000000003,-0.0030000000000000027,-0.0050000000000000044,-0.005,-0.028000000000000025
22,4,-0.007000000000000006,-0.05431968944903032,-0.013511004122203962,-0.044581528547658955,-0.007000000000000006,0.0,0.0030000000000000027,0.0030000000000000027,0.0,0.036,0.016000000000000014,-0.224,0.03699999999999992,0.0,0.05900000000000005
22,7,0.09239999999999998,-0.4139000645841655,0.10822810439191766,0.018652760565853577,0.09239999999999998,0.0,0.0,-0.0040000000000000036,0.0,0.027999999999999997,0.5489999999999999,0.049999999999999996,0.408,0.0,-0.10699999999999998
22,5,0.1109,-0.5651260264003621,0.13544221770856332,-0.00038672917159249254,0.1109,0.0,0.0,-0.0030000000000000027,0.0,0.022,0.668,0.053,-0.17800000000000005,0.0,0.5469999999999999
23,0,-0.00269999999999998,0.24247276630645365,0.0011178132238328087,0.01345349735988327,-0.002700000000000091,0.0,-0.0010000000000000009,0.006000000000000005,0.0,-0.006999999999999999,0.02100000000000002,-0.022999999999999993,-0.01200000000000001,0.0,-0.01100000000000001
23,5,0.11059999999999998,-0.57240113396995,0.13416719869329286,-0.004279182358076228,0.11059999999999998,0.0,0.0,-0.0030000000000000027,0.0,0.025,0.641,0.051000000000000004,-0.15500000000000003,0.0,0.547
23,7,0.09000000000000002,-0.4096185806841133,0.10524343430763872,0.018570864128637454,0.08999999999999997,0.0,-0.0010000000000000009,-0.0030000000000000027,0.0,0.030000000000000002,0.53,0.048,0.39699999999999996,0.0,-0.10099999999999998
23,6,0.00040000000000001146,0.1660037429188006,0.0035180891592418995,-0.08427316608212926,0.00039999999999995595,0.0,-0.0020000000000000018,0.0030000000000000027,0.0,-0.005999999999999998,0.019000000000000017,0.0040000000000000036,0.01200000000000001,-0.007,-0.019000000000000017
23,1,-0.0040999999999999925,0.21288893664606823,-0.006983592352031831,-0.0015114055307040575,-0.004100000000000048,0.0,0.0010000000000000009,0.0,0.0,-0.006999999999999999,0.016000000000000014,-0.033,0.0,0.0,-0.018000000000000016
23,2,-0.009500000000000008,0.09298231540777424,-0.015543357634088206,0.00474199087790228,-0.009500000000000064,0.0,0.0030000000000000027,0.010000000000000009,0.0,-0.338,0.132,0.082,-0.051000000000000045,0.0,0.06700000000000006
23,3,0.1427,-0.5793464393280567,0.18687405406997867,0.012706399759247644,0.14269999999999988,0.0,-0.0010000000000000009,-0.0010000000000000009,0.0,0.029,-0.262,0.049,0.841,0.0,0.772
23,4,-0.013500000000000012,0.00037130646812277845,-0.015901249122950212,-0.0440993720966707,-0.013500000000000068,0.0,0.0020000000000000018,0.0030000000000000027,0.0,0.04,0.0040000000000000036,-0.255,0.03499999999999992,0.0,0.03600000000000003
24,5,0.1074,-0.570603828841505,0.1284259318901962,0.006718366126696906,0.10740000000000005,0.0,0.0010000000000000009,-0.0030000000000000027,0.0,0.026999999999999996,0.642,0.064,-0.17000000000000004,0.0,0.513
24,2,-0.015100000000000002,0.13504853187658528,-0.01868822379779589,0.014176430224454362,-0.015100000000000002,0.0,0.0030000000000000027,0.008000000000000007,0.0,-0.35300000000000004,0.10199999999999998,0.09,-0.038000000000000034,0.0,0.03700000000000003
24,0,-0.002599999999999991,0.22981307529412875,0.0015711349720975432,0.017590358013905738,-0.002599999999999991,0.0,-0.0010000000000000009,0.006000000000000005,0.0,-0.010000000000000002,0.006000000000000005,-0.011999999999999997,0.0,0.0,-0.015000000000000013
24,3,0.1422,-0.5934771958250589,0.18408887623014974,0.0196245141369345,0.14220000000000005,0.0,0.0,-0.0010000000000000009,0.0,0.032,-0.239,0.059000000000000004,0.825,0.0,0.746
24,7,0.09150000000000003,-0.42538292567950853,0.10579781613633232,0.029561696372604973,0.09150000000000008,0.0,0.0,-0.0020000000000000018,0.0,0.033,0.534,0.059000000000000004,0.38799999999999996,0.0,-0.09699999999999998
24,1,-0.004400000000000015,0.20184958285797894,-0.007249369522017879,0.001248260503713794,-0.0043999999999999595,0.0,0.0010000000000000009,0.0,0.0,-0.008,0.0010000000000000009,-0.03199999999999999,0.006000000000000005,0.0,-0.01200000000000001
24,6,0.0005000000000000004,0.15050611404565206,0.0027515906401416323,-0.0859767378679479,0.000500000000000056,0.0,0.0,0.0020000000000000018,0.0,-0.0040000000000000036,0.04700000000000004,0.008000000000000007,-0.02200000000000002,-0.009,-0.017000000000000015
24,4,-0.01419999999999999,0.007173530209940271,-0.015622750945984698,-0.04453604893109897,-0.014199999999999935,0.0,0.0030000000000000027,0.006000000000000005,0.0,0.043,-0.017000000000000015,-0.281,0.06099999999999994,0.0,0.04300000000000004
25,2,-0.01419999999999999,0.13902485637238193,-0.016080702617435383,0.013929159432575,-0.01419999999999999,0.0,0.0020000000000000018,0.01200000000000001,0.0,-0.359,0.07999999999999996,0.102,-0.02300000000000002,0.0,0.04400000000000004
25,1,-0.002899999999999958,0.18774449596770637,-0.005177400308316149,-0.001572762099382341,-0.002900000000000069,0.0,0.0,0.0,0.0,-0.003999999999999997,0.0040000000000000036,-0.025999999999999995,0.010000000000000009,0.0,-0.013000000000000012
25,6,0.0006000000000000449,0.16949286247594664,0.0025587147166183377,-0.08566112402946474,0.0005999999999999339,0.0,-0.0010000000000000009,0.0020000000000000018,0.0,-0.0029999999999999957,0.03600000000000003,0.006999999999999992,-0.0050000000000000044,-0.012,-0.018000000000000016
25,3,0.1421,-0.5880481617900131,0.18270587752528145,0.01558681370623688,0.1421,0.0,0.0,-0.0020000000000000018,0.0,0.036000000000000004,-0.247,0.065,0.834,0.0,0.735
25,5,0.10790000000000005,-0.5683459809032114,0.12833341214777425,0.004676799865960479,0.10789999999999994,0.0,0.0010000000000000009,-0.0030000000000000027,0.0,0.031000000000000003,0.629,0.07,-0.16000000000000003,0.0,0.511
25,4,-0.012999999999999956,-0.009987192412916013,-0.01446093629642431,-0.015201269569873221,-0.013000000000000067,0.0,0.0030000000000000027,0.0040000000000000036,0.0,0.047,0.0,-0.259,0.025999999999999912,0.0,0.049000000000000044
25,0,-0.0011999999999999789,0.23861558825824947,0.002738172789599813,0.01238230046460087,-0.0012000000000000344,0.0,0.0,0.006000000000000005,0.0,-0.009999999999999995,0.02200000000000002,-0.015000000000000013,-0.008000000000000007,0.0,-0.007000000000000006
25,7,0.09100000000000003,-0.4235627948285674,0.10503792917003663,0.022426588876666653,0.09099999999999997,0.0,0.0,-0.0030000000000000027,0.0,0.036000000000000004,0.52,0.066,0.38199999999999995,0.0,-0.09099999999999997
26,3,0.1401,-0.5903730278197954,0.17921196711977153,0.010228762404066394,0.14009999999999995,0.0,0.0,-0.0030000000000000027,0.0,0.031,-0.24,0.066,0.832,0.0,0.7150000000000001
26,1,-0.0032999999999999696,0.20546311197189437,-0.006231882967830171,-0.002919614855156738,-0.003300000000000025,0.0,0.0010000000000000009,0.0010000000000000009,0.0,-0.010000000000000002,0.026000000000000023,-0.033,-0.0050000000000000044,0.0,-0.013000000000000012
26,7,0.08950000000000002,-0.42093078282694485,0.10305802779344592,0.02000914525459485,0.08949999999999997,0.0,0.0,-0.0040000000000000036,0.0,0.032,0.509,0.069,0.37999999999999995,0.0,-0.09099999999999997
26,0,-0.0021999999999999797,0.24336601636661115,0.0016772721203459628,0.009511499042629046,-0.0022000000000000353,0.0,0.0,0.006000000000000005,0.0,-0.018000000000000002,0.017000000000000015,-0.014000000000000012,-0.007000000000000006,0.0,-0.006000000000000005
26,4,-0.013899999999999968,0.0065864796836532236,-0.014022185933616205,0.0010789648816220132,-0.013900000000000023,0.0,0.0030000000000000027,0.0030000000000000027,0.0,0.045,-0.026000000000000023,-0.27,0.06099999999999994,0.0,0.04500000000000004
26,6,-0.0009000000000000119,0.15915482912581558,0.000597993304608524,-0.09174012257239539,-0.0009000000000000674,0.0,-0.0010000000000000009,0.0030000000000000027,0.0,-0.015,0.02200000000000002,0.0050000000000000044,0.0030000000000000027,-0.01,-0.016000000000000014
26,2,-0.013399999999999967,0.11508383651891796,-0.018177818435251014,0.0028209826588103115,-0.013400000000000023,0.0,0.0020000000000000018,0.007000000000000006,0.0,-0.34700000000000003,0.08999999999999997,0.097,-0.016000000000000014,0.0,0.03300000000000003
26,5,0.1058,-0.5755665149932474,0.1257430504749602,0.005741231021723525,0.10579999999999995,0.0,0.0010000000000000009,-0.0030000000000000027,0.0,0.028999999999999998,0.627,0.069,-0.16100000000000003,0.0,0.49600000000000005
27,1,-0.0030000000000000027,0.21266191264691825,-0.0047372848399516165,0.0053591112051895595,-0.0030000000000000027,0.0,0.0010000000000000009,0.0,0.0,-0.0010000000000000009,-0.0050000000000000044,-0.025999999999999995,0.016000000000000014,0.0,-0.015000000000000013
27,3,0.1386,-0.5735102739577855,0.17647085924088415,0.008706071896307399,0.1386,0.0,-0.0010000000000000009,-0.0030000000000000027,0.0,0.033,-0.238,0.07300000000000001,0.833,0.0,0.6890000000000001
27,2,-0.011400000000000021,0.1033113535981589,-0.01535869776905524,0.004256508315943985,-0.011399999999999966,0.0,0.0020000000000000018,0.008000000000000007,0.0,-0.337,0.10099999999999998,0.10300000000000001,-0.03200000000000003,0.0,0.041000000000000036
27,6,-0.00020000000000003348,0.1693396838709189,0.002695631750842198,-0.08577345423404559,-0.00019999999999997797,0.0,-0.0020000000000000018,0.0030000000000000027,0.0,-0.0049999999999999975,0.02200000000000002,0.010000000000000009,-0.0050000000000000044,-0.011,-0.014000000000000012
27,5,0.10619999999999996,-0.5694091860859536,0.1261096075159881,0.00890498183070576,0.10620000000000002,0.0,0.0,-0.0040000000000000036,0.0,0.032,0.624,0.07900000000000001,-0.16000000000000003,0.0,0.49100000000000005
27,4,-0.013900000000000023,-0.02558996730719132,-0.013668525754256922,0.002753795013079152,-0.013899999999999912,0.0,0.0020000000000000018,0.0040000000000000036,0.0,0.053,0.007000000000000006,-0.26,0.027999999999999914,0.0,0.027000000000000024
27,7,0.0892,-0.41156331418802194,0.10252746952354536,0.02333426659105947,0.08920000000000006,0.0,-0.0010000000000000009,-0.0040000000000000036,0.0,0.04,0.502,0.068,0.37499999999999994,0.0,-0.08799999999999997
27,0,-0.0010999999999999899,0.2320501027396693,0.003134499089293419,0.014057746534148652,-0.0010999999999999899,0.0,-0.0010000000000000009,0.006000000000000005,0.0,-0.011000000000000003,0.025000000000000022,-0.009999999999999981,-0.01200000000000001,0.0,-0.008000000000000007
28,0,-0.002599999999999991,0.23784695989407645,0.0010520084803078422,0.012190526388836442,-0.0025999999999999357,0.0,-0.0020000000000000018,0.006000000000000005,0.0,-0.013999999999999999,0.03600000000000003,-0.01899999999999999,-0.028000000000000025,0.0,-0.0050000000000000044
28,7,0.08900000000000002,-0.4255448316994568,0.10061624677013226,0.017720680797810917,0.08899999999999997,0.0,-0.0010000000000000009,-0.0020000000000000018,0.0,0.049,0.501,0.075,0.3549999999999999,0.0,-0.08699999999999997
28,5,0.10720000000000002,-0.5803321062947235,0.1261141998580242,0.0064776855076352224,0.10720000000000002,0.0,0.0,-0.0030000000000000027,0.0,0.04000000000000001,0.647,0.084,-0.17400000000000004,0.0,0.47800000000000004
28,3,0.13890000000000002,-0.5941899813021334,0.1747576489207711,0.007690125652484059,0.13890000000000002,0.0,-0.0010000000000000009,-0.0020000000000000018,0.0,0.04100000000000001,-0.21299999999999997,0.076,0.819,0.0,0.669
28,1,-0.0006999999999999784,0.17989255216555833,-0.0015390802332308495,0.003933698360183258,-0.0007000000000000339,0.0,0.0,0.0010000000000000009,0.0,0.008000000000000007,0.02100000000000002,-0.027999999999999997,0.007000000000000006,0.0,-0.016000000000000014
28,4,-0.01369999999999999,0.02223463980153717,-0.009467658437226356,-0.003576050706100564,-0.013700000000000045,0.0,0.0020000000000000018,0.007000000000000006,0.0,0.066,-0.0050000000000000044,-0.29600000000000004,0.05599999999999994,0.0,0.03300000000000003
28,6,-0.00029999999999996696,0.16920544049991193,0.001206791834564902,-0.0877336566964752,-0.00029999999999991145,0.0,-0.0020000000000000018,0.0050000000000000044,0.0,-0.006999999999999992,0.03200000000000003,0.009000000000000008,-0.010000000000000009,-0.014,-0.016000000000000014
28,2,-0.011699999999999988,0.09801858949204201,-0.01480469301986953,0.005129235779920804,-0.011699999999999988,0.0,0.0010000000000000009,0.01200000000000001,0.0,-0.345,0.09300000000000008,0.11,-0.026000000000000023,0.0,0.038000000000000034
29,2,-0.01419999999999999,0.12367580950069712,-0.012912593321464716,0.005141212434202125,-0.014200000000000101,0.0,0.0010000000000000009,0.015000000000000013,0.0,-0.382,0.07600000000000007,0.129,-0.01100000000000001,0.0,0.030000000000000027
29,7,0.08989999999999998,-0.43648025631523746,0.1010076687621898,0.012308333443310615,0.08989999999999998,0.0,-0.0010000000000000009,-0.0030000000000000027,0.0,0.054,0.48900000000000005,0.08199999999999999,0.358,0.0,-0.07999999999999996
29,3,0.13929999999999998,-0.5950386908869394,0.17417007499199774,0.018186097051437478,0.13929999999999987,0.0,-0.0010000000000000009,-0.0040000000000000036,0.0,0.046,-0.21799999999999997,0.08199999999999999,0.827,0.0,0.661
29,6,-0.0007000000000000339,0.14900204586906574,0.0002541291529921663,-0.09152537901280133,-0.0007000000000000339,0.0,-0.0020000000000000018,0.0030000000000000027,0.0,-0.010999999999999996,0.02400000000000002,0.00899999999999998,-0.0020000000000000018,-0.016,-0.01200000000000001
29,5,0.10670000000000002,-0.589733370957664,0.12448675802554804,0.005567991203296874,0.1066999999999999,0.0,0.0,-0.0040000000000000036,0.0,0.048,0.631,0.09199999999999998,-0.16300000000000003,0.0,0.463
29,4,-0.012900000000000023,0.007331826816351583,-0.008620453673706674,-0.02376708155970997,-0.012900000000000023,0.0,0.0030000000000000027,0.01200000000000001,0.0,0.075,0.01200000000000001,-0.278,0.015000000000000013,0.0,0.03200000000000003
29,0,-0.0018000000000000238,0.21792775868607794,0.0015893694944852932,0.008456246095632114,-0.0018000000000000793,0.0,-0.0020000000000000018,0.0040000000000000036,0.0,-0.016,0.017000000000000015,-0.015000000000000013,-0.0050000000000000044,0.0,-0.0010000000000000009
29,1,-0.0014000000000000123,0.20014310911440614,-0.002643895949735131,0.0020409841423217334,-0.0014000000000001234,0.0,0.0010000000000000009,-0.0010000000000000009,0.0,-0.0020000000000000018,0.019000000000000017,-0.029000000000000026,0.010000000000000009,0.0,-0.01200000000000001
30,1,0.0009000000000000119,0.1584204359176442,-9.999436460994549e-05,0.002158708515496821,0.0009000000000000674,0.0,0.0020000000000000018,-0.0020000000000000018,0.0,0.013999999999999999,0.028000000000000025,-0.021999999999999992,0.0040000000000000036,0.0,-0.015000000000000013
30,5,0.1074,-0.6052964876254148,0.12396704063433617,0.002158974008369785,0.1074,0.0,0.0010000000000000009,-0.0040000000000000036,0.0,0.075,0.617,0.098,-0.16200000000000003,0.0,0.44900000000000007
30,3,0.13980000000000004,-0.6162304962024141,0.172995983989891,0.011082930086574905,0.13980000000000004,0.0,0.0,-0.0050000000000000044,0.0,0.075,-0.22299999999999998,0.08900000000000001,0.825,0.0,0.637
30,2,-0.017699999999999938,0.16910685517917434,-0.00866498303898311,0.01589107012673896,-0.017699999999999938,0.0,0.0020000000000000018,0.030000000000000027,0.0,-0.46799999999999997,0.08899999999999997,0.15400000000000003,-0.010000000000000009,0.0,0.026000000000000023
30,7,0.0932,-0.4596413202559986,0.10460282576821206,0.01004158730115845,0.0932,0.0,0.0,-0.0030000000000000027,0.0,0.087,0.48300000000000004,0.09000000000000001,0.352,0.0,-0.07699999999999996
30,4,-0.014999999999999958,0.023647240937327396,-0.004181657236639935,-0.002263096365574424,-0.014999999999999902,0.0,0.0010000000000000009,0.014000000000000012,0.0,0.11399999999999999,0.0,-0.333,0.029999999999999916,0.0,0.02400000000000002
30,0,0.002599999999999991,0.1852313501004592,0.00695468786696174,0.013492223346064758,0.002599999999999991,0.0,-0.0010000000000000009,0.0030000000000000027,0.0,0.001999999999999988,0.018000000000000016,0.007000000000000006,0.0020000000000000018,0.0,-0.0050000000000000044
30,6,0.0022000000000000353,0.1337085257703885,0.0025385803025126386,-0.09020155579884226,0.0022000000000000353,0.0,-0.0010000000000000009,0.0010000000000000009,0.0,-0.0020000000000000018,0.03700000000000003,0.020000000000000018,-0.0020000000000000018,-0.018,-0.013000000000000012
31,3,0.1381,-0.5975428076978693,0.17160070880904546,0.011991730964612313,0.1380999999999999,0.0,0.0,-0.0050000000000000044,0.0,0.07,-0.22699999999999998,0.08299999999999999,0.824,0.0,0.6360000000000001
31,1,-0.0021999999999999797,0.1959571221385139,-0.0033385247253455708,0.0018820220069972748,-0.0022000000000000353,0.0,0.0010000000000000009,-0.0020000000000000018,0.0,0.008000000000000007,0.017000000000000015,-0.036000000000000004,0.006000000000000005,0.0,-0.016000000000000014
31,6,-0.0008999999999999564,0.16004057966482144,-0.0006101547228035131,-0.08801243625626626,-0.0009000000000001229,0.0,-0.0010000000000000009,0.0020000000000000018,0.0,-0.006999999999999992,0.025000000000000022,0.007000000000000006,-0.0040000000000000036,-0.021,-0.010000000000000009
31,4,-0.011299999999999977,-0.05027568835419993,-0.0031131436423665337,-0.006361853541549944,-0.011300000000000143,0.0,0.0010000000000000009,0.009000000000000008,0.0,0.109,0.0010000000000000009,-0.279,0.016000000000000014,0.0,0.030000000000000027
31,5,0.1048,-0.589381982724126,0.12150918960154716,0.0017744103226375318,0.1047999999999999,0.0,0.0010000000000000009,-0.0040000000000000036,0.0,0.07300000000000001,0.609,0.087,-0.16100000000000003,0.0,0.44300000000000006
31,7,0.08940000000000003,-0.4394839426960808,0.1006903587565467,0.013364762483804526,0.08939999999999992,0.0,0.0,-0.0040000000000000036,0.0,0.081,0.47100000000000003,0.082,0.34099999999999997,0.0,-0.07699999999999996
31,0,0.00020000000000003348,0.23190696475604833,0.004707554624215515,-0.08470337781410059,0.00019999999999986695,0.0,-0.0010000000000000009,0.0040000000000000036,0.0,-0.008999999999999994,0.03700000000000003,-0.007000000000000006,-0.013000000000000012,-0.001,-0.008000000000000007
31,2,-0.012899999999999967,0.1343189337002202,-0.008825763118696539,0.01421272442853011,-0.012900000000000023,0.0,0.0020000000000000018,0.016000000000000014,0.0,-0.395,0.07500000000000007,0.14100000000000001,-0.0050000000000000044,0.0,0.03700000000000003
32,6,0.0025000000000000022,0.13965760328518328,0.0029671633065681546,-0.0863546354805364,0.0025000000000000577,0.0,-0.0010000000000000009,0.0020000000000000018,0.0,-0.0020000000000000018,0.040000000000000036,0.020000000000000018,0.0,-0.023,-0.01100000000000001
32,5,0.1049,-0.5905721922652027,0.12045030396403367,0.001114134255097099,0.1049,0.0,0.0010000000000000009,-0.0040000000000000036,0.0,0.073,0.614,0.09600000000000002,-0.15900000000000003,0.0,0.42800000000000005
32,2,-0.011299999999999977,0.0944230468890157,-0.008469953363839766,0.009518065979011836,-0.011300000000000032,0.0,0.0020000000000000018,0.018000000000000016,0.0,-0.391,0.08400000000000007,0.15000000000000002,-0.013000000000000012,0.0,0.03700000000000003
32,0,0.0012000000000000344,0.21118406784801058,0.005638897697320677,-0.08376646269561566,0.0012000000000000344,0.0,-0.0010000000000000009,0.0040000000000000036,0.0,-0.0040000000000000036,0.02400000000000002,0.0,-0.0010000000000000009,-0.001,-0.009000000000000008
32,7,0.0912,-0.4443524497004745,0.10214232037512083,0.013140238165328444,0.0912,0.0,0.0,-0.0030000000000000027,0.0,0.086,0.468,0.09400000000000001,0.34299999999999997,0.0,-0.07599999999999996
32,3,0.1395,-0.6067092224431874,0.17214290062966145,0.013170211970182866,0.1395,0.0,0.0,-0.0040000000000000036,0.0,0.077,-0.21499999999999997,0.09100000000000001,0.824,0.0,0.6220000000000001
32,1,-0.0010999999999999899,0.18304863791115356,-0.002174578040988584,0.0019974645033504212,-0.0010999999999999899,0.0,0.0010000000000000009,-0.0010000000000000009,0.0,0.007999999999999993,0.014000000000000012,-0.025999999999999995,0.009000000000000008,0.0,-0.016000000000000014
32,4,-0.015199999999999991,0.021804615712394337,-0.003730744068182912,-0.016182734394678988,-0.015199999999999991,0.0,0.0,0.014000000000000012,0.0,0.11199999999999999,0.006000000000000005,-0.329,0.029999999999999916,0.0,0.015000000000000013
33,0,-0.0009000000000000119,0.23739117441085966,0.0026445100813391464,-0.0861570506475986,-0.0008999999999999564,0.0,0.0,0.0040000000000000036,0.0,-0.023000000000000007,0.010000000000000009,-0.0030000000000000027,0.013000000000000012,-0.001,-0.009000000000000008
33,6,-0.0019000000000000128,0.17092773365898273,-0.003699699138394741,-0.09080859179168543,-0.0019000000000000128,0.0,0.0,0.0020000000000000018,0.0,-0.017,0.02200000000000002,0.009000000000000008,0.007000000000000006,-0.031,-0.01100000000000001
33,3,0.1381,-0.5952140119509952,0.169694967807689,0.016739480704021426,0.1381,0.0,0.0010000000000000009,-0.0050000000000000044,0.0,0.06199999999999999,-0.19999999999999996,0.08600000000000001,0.82,0.0,0.617
33,1,-0.0015999999999999903,0.18990105790452105,-0.003107234421649674,0.002137111618975951,-0.0015999999999999903,0.0,0.0010000000000000009,-0.0030000000000000027,0.0,-0.0020000000000000018,0.03500000000000003,-0.034,0.0010000000000000009,0.0,-0.014000000000000012
33,2,-0.0121,0.07453318716238133,-0.013163543089862173,0.009905522220235774,-0.012100000000000055,0.0,0.0030000000000000027,0.007000000000000006,0.0,-0.335,0.04800000000000004,0.129,-0.009000000000000008,0.0,0.03600000000000003
33,4,-0.014800000000000035,0.0074246283918144584,-0.005452471277860971,-0.01206113929658481,-0.01480000000000009,0.0,0.0020000000000000018,0.01200000000000001,0.0,0.09699999999999999,0.0040000000000000036,-0.316,0.026999999999999913,0.0,0.026000000000000023
33,5,0.10269999999999996,-0.5740455354745393,0.11720269129319183,0.0063744158988172095,0.10270000000000001,0.0,0.0020000000000000018,-0.0050000000000000044,0.0,0.061,0.6140000000000001,0.09300000000000001,-0.15900000000000003,0.0,0.42100000000000004
33,7,0.08649999999999997,-0.4252820639564585,0.09589043067006736,0.012221853487302703,0.08649999999999997,0.0,0.0010000000000000009,-0.0030000000000000027,0.0,0.071,0.456,0.08700000000000001,0.33199999999999996,0.0,-0.07899999999999996
34,0,0.0005000000000000004,0.21629679164947424,0.004969310103021318,0.01558293546304923,0.000500000000000056,0.0,0.0,0.0040000000000000036,0.0,-0.0050000000000000044,0.006000000000000005,0.0020000000000000018,0.0020000000000000018,-0.001,-0.0030000000000000027
34,4,-0.013599999999999945,-0.0014526143241613276,-0.0034359438147136823,0.07337599240736481,-0.013600000000000056,0.0,0.0010000000000000009,0.014000000000000012,0.0,0.111,0.02200000000000002,-0.31600000000000006,0.013000000000000012,0.001,0.018000000000000016
34,7,0.08790000000000003,-0.445228229315517,0.09744777614432037,0.11234424750117955,0.08790000000000003,0.0,0.0,-0.0030000000000000027,0.0,0.086,0.448,0.08999999999999998,0.32999999999999996,0.001,-0.07299999999999995
34,2,-0.018000000000000016,0.1291149256709283,-0.010924991896618497,0.11472763851238332,-0.017999999999999905,0.0,0.0030000000000000027,0.02200000000000002,0.0,-0.43599999999999994,0.06900000000000006,0.152,-0.015000000000000013,0.001,0.02400000000000002
34,5,0.10239999999999999,-0.5905138101821512,0.11674113707009393,0.10505496483091109,0.10240000000000005,0.0,0.0010000000000000009,-0.0040000000000000036,0.0,0.07600000000000001,0.601,0.09699999999999999,-0.15800000000000003,0.001,0.41000000000000003
34,1,-0.0012999999999999678,0.17865830069532773,-0.0019765509561643912,0.1016809079589413,-0.0013000000000000234,0.0,0.0010000000000000009,-0.0030000000000000027,0.0,0.008000000000000007,0.008000000000000007,-0.027000000000000024,0.010000000000000009,0.001,-0.01100000000000001
34,3,0.1347,-0.6033923553582579,0.16500344997491498,0.11584140811486415,0.13470000000000004,0.0,0.0,-0.0040000000000000036,0.0,0.08,-0.20899999999999996,0.08999999999999998,0.819,0.001,0.5700000000000001
34,6,-0.0006999999999999784,0.15885574482500342,-0.001954893599830254,0.010382614534428902,-0.0006999999999999784,0.0,0.0,0.0010000000000000009,0.0,-0.008000000000000007,0.02400000000000002,0.010999999999999982,0.0040000000000000036,-0.03,-0.009000000000000008
35,4,-0.01689999999999997,0.02534079285094526,-0.006231684142098515,0.0701989823483769,-0.016900000000000026,0.0,0.0040000000000000036,0.013000000000000012,0.0,0.11,0.016000000000000014,-0.334,0.007000000000000006,0.001,0.014000000000000012
35,1,-0.00030000000000002247,0.16888818268577888,-0.0010343783331829837,-0.00010625306688649694,-0.000300000000000078,0.0,0.0030000000000000027,0.0,0.0,0.013999999999999999,0.02200000000000002,-0.03,0.0010000000000000009,0.0,-0.0129999999999999
35,3,0.1296,-0.5892501799062422,0.158887768714359,0.11367211930004201,0.12959999999999994,0.0,0.0,-0.0040000000000000036,0.0,0.07600000000000001,-0.20599999999999996,0.079,0.8099999999999999,0.001,0.54
35,5,0.09910000000000002,-0.5790154134122711,0.11280185284580457,0.1017744971392473,0.09909999999999997,0.0,0.0010000000000000009,-0.0040000000000000036,0.0,0.07300000000000001,0.6000000000000001,0.085,-0.16700000000000004,0.001,0.402
35,0,0.0005000000000000004,0.22896068697920224,0.005509521607708123,0.016152769303983128,0.0004999999999999449,0.0,0.0,0.0030000000000000027,0.0,-0.0050000000000000044,0.020000000000000018,-0.006000000000000005,-0.0020000000000000018,0.0,-0.0050000000000000044
35,7,0.08610000000000001,-0.4372176590818948,0.09504704791254542,0.1089669785720907,0.08609999999999995,0.0,0.0,-0.0030000000000000027,0.0,0.082,0.45,0.079,0.32199999999999995,0.001,-0.06999999999999995
35,6,0.0005999999999999894,0.13587607895604314,-0.000565583739589981,0.01379254988079226,0.0005999999999999339,0.0,0.0,0.0010000000000000009,0.0,-0.0020000000000000018,0.028000000000000025,0.020000000000000018,0.0050000000000000044,-0.033,-0.0129999999999999
35,2,-0.01920000000000005,0.09941068129798447,-0.011239315409963313,0.10677293401199528,-0.019200000000000106,0.0,0.0030000000000000027,0.020000000000000018,0.0,-0.44199999999999995,0.05800000000000005,0.14800000000000002,0.006000000000000005,0.001,0.014000000000000012
36,1,-0.0030000000000000027,0.19757032737183478,-0.004532693028837298,-0.0026234490705180358,-0.0030000000000000027,0.0,0.0030000000000000027,0.0,0.0,-0.0030000000000000027,0.02400000000000002,-0.04200000000000001,0.0010000000000000009,0.0,-0.013000000000000012
36,3,0.1295,-0.5959262253758246,0.1576207185409549,0.10995287392602954,0.12949999999999995,0.0,0.0,-0.0040000000000000036,0.0,0.068,-0.19899999999999995,0.08299999999999999,0.8079999999999999,0.001,0.538
36,2,-0.017800000000000038,0.11265658913329002,-0.011598731360260295,0.10761590867063436,-0.017799999999999983,0.0,0.0030000000000000027,0.019000000000000017,0.0,-0.41200000000000003,0.062000000000000055,0.148,-0.01200000000000001,0.001,0.013000000000000012
36,0,-0.0019000000000000128,0.2181182197107674,0.0023124327908830566,0.010690194810832332,-0.0019000000000000683,0.0,0.0,0.0040000000000000036,0.0,-0.010000000000000009,0.0040000000000000036,-0.010000000000000009,0.0020000000000000018,-0.001,-0.008000000000000007
36,6,-0.0012999999999999678,0.13029386288822664,-0.003098764702804624,0.006815817995775575,-0.0013000000000000789,0.0,0.0,0.0010000000000000009,0.0,-0.0050000000000000044,0.02300000000000002,0.017999999999999988,-0.0010000000000000009,-0.036,-0.013000000000000012
36,4,-0.016199999999999992,0.0029864280749434258,-0.00675227516368615,0.06410681315645639,-0.016200000000000048,0.0,0.0030000000000000027,0.013000000000000012,0.0,0.105,-0.01100000000000001,-0.31500000000000006,0.029999999999999916,0.001,0.01200000000000001
36,7,0.08410000000000001,-0.4381833822963337,0.09222853222779631,0.1103957889918385,0.08410000000000001,0.0,0.0,-0.0030000000000000027,0.0,0.081,0.43400000000000005,0.08499999999999999,0.31499999999999995,0.001,-0.07199999999999995
36,5,0.0978,-0.5810157068240378,0.11014457460053656,0.10215925763761313,0.09779999999999994,0.0,0.0,-0.0040000000000000036,0.0,0.068,0.5960000000000001,0.09399999999999999,-0.16900000000000004,0.001,0.392
37,7,0.0802,-0.4390347937044625,0.08746952163642141,0.10937505575045281,0.08019999999999994,0.0,0.0,-0.0040000000000000036,0.0,0.08800000000000001,0.40800000000000003,0.07599999999999998,0.30699999999999994,0.001,-0.07399999999999995
37,5,0.0983,-0.5938275644954403,0.11014786513307084,0.10307125743614531,0.09830000000000005,0.0,0.0,-0.0040000000000000036,0.0,0.07100000000000001,0.581,0.091,-0.15500000000000003,0.001,0.398
37,1,-0.004500000000000004,0.19694230693597747,-0.006116641583710003,-0.0003446818872373525,-0.004500000000000004,0.0,0.0030000000000000027,0.0,0.0,-0.0030000000000000027,0.008000000000000007,-0.04500000000000001,0.007000000000000006,-0.001,-0.014000000000000012
37,3,0.1281,-0.5963759448962471,0.15511424525057096,0.11281164248616637,0.12810000000000005,0.0,0.0,-0.0030000000000000027,0.0,0.07400000000000001,-0.21199999999999997,0.07899999999999999,0.817,0.001,0.525
37,4,-0.014699999999999935,0.001431693665135736,-0.004521979075899907,0.06888563068810438,-0.014699999999999935,0.0,0.0030000000000000027,0.013000000000000012,0.0,0.11400000000000002,0.006000000000000005,-0.32100000000000006,0.019000000000000017,0.001,0.018000000000000016
37,0,-0.0014000000000000123,0.22713458766571604,0.0027906519117476547,0.012654545720445665,-0.0014000000000000123,0.0,0.0,0.0040000000000000036,0.0,-0.00799999999999998,0.007000000000000006,-0.013000000000000012,0.0050000000000000044,-0.002,-0.007000000000000006
37,6,-0.0014000000000000123,0.13580892946773426,-0.004146010079424056,0.008869870539079283,-0.0014000000000000123,0.0,0.0,0.0010000000000000009,0.0,-0.0020000000000000018,0.02300000000000002,0.016999999999999987,0.0040000000000000036,-0.047,-0.010000000000000009
37,2,-0.01880000000000004,0.10941871248495083,-0.011483732537217406,0.10519156233228433,-0.018799999999999928,0.0,0.0030000000000000027,0.02200000000000002,0.0,-0.43399999999999994,0.07100000000000006,0.149,-0.02300000000000002,0.001,0.02300000000000002
38,1,-0.0020000000000000018,0.17331094863696572,-0.0029664606559208773,0.0003533158866815267,-0.0020000000000000018,0.0,0.0020000000000000018,-0.0010000000000000009,0.0,0.013000000000000012,0.014000000000000012,-0.026999999999999996,-0.0050000000000000044,-0.002,-0.014000000000000012
38,3,0.1275,-0.5932358861350404,0.1541275568525916,0.10919932738534421,0.12749999999999995,0.0,0.0,-0.0030000000000000027,0.0,0.08800000000000001,-0.21199999999999997,0.087,0.8089999999999999,0.002,0.504
38,2,-0.01150000000000001,0.028532928171248972,-0.0019839070393077307,0.1108405823056352,-0.011500000000000066,0.0,0.0020000000000000018,0.02300000000000002,0.0,-0.42399999999999993,0.09500000000000008,0.176,-0.015000000000000013,0.002,0.026000000000000023
38,6,-0.0025000000000000022,0.1265732228946379,-0.006135850343593707,0.004220173309563702,-0.0025000000000001132,0.0,0.0,0.0010000000000000009,0.0,0.0020000000000000018,0.03200000000000003,0.01200000000000001,-0.010000000000000009,-0.051,-0.01100000000000001
38,5,0.09839999999999999,-0.5902369498444822,0.10990039231268295,0.10242299525734455,0.09839999999999999,0.0,0.0,-0.0050000000000000044,0.0,0.081,0.5770000000000001,0.094,-0.16100000000000003,0.002,0.396
38,7,0.08200000000000002,-0.44480066825025766,0.08947446613039578,0.11059915869657039,0.08199999999999996,0.0,0.0,-0.0050000000000000044,0.0,0.101,0.41000000000000003,0.08299999999999999,0.30399999999999994,0.002,-0.07499999999999996
38,4,-0.018699999999999994,0.030551434324952886,-0.006316169916027903,0.06604776378657484,-0.01870000000000005,0.0,0.0030000000000000027,0.015000000000000013,0.0,0.131,-0.02400000000000002,-0.35,0.016000000000000014,0.002,0.020000000000000018
38,0,-0.00019999999999997797,0.20589251792468932,0.004047448221811356,-0.08912454198929587,-0.00019999999999997797,-0.001,0.0,0.0040000000000000036,0.0,0.0010000000000000009,0.006000000000000005,-0.0020000000000000018,0.0020000000000000018,-0.002,-0.010000000000000009
39,0,-0.0021999999999999797,0.26149921714307434,0.0016028816565213377,-0.08541089539682512,-0.0022000000000000353,-0.001,0.0,0.0050000000000000044,0.0,-0.02100000000000002,0.013000000000000012,-0.006000000000000005,-0.0020000000000000018,-0.003,-0.007000000000000006
39,1,-0.003400000000000014,0.1978434952684105,-0.004683420267957372,-0.0006697218070285116,-0.003400000000000014,0.0,0.0040000000000000036,-0.0020000000000000018,0.0,0.003999999999999976,0.016000000000000014,-0.04200000000000001,0.0020000000000000018,-0.003,-0.0129999999999999
39,7,0.0802,-0.4289863612324285,0.08753231024614067,0.10960029505365576,0.08019999999999994,0.0,0.0,-0.006000000000000005,0.0,0.08499999999999999,0.4,0.08099999999999999,0.30999999999999994,0.002,-0.06999999999999995
39,4,-0.013199999999999934,-0.033172342343071204,-0.003160339023122294,0.07040237544019451,-0.0132000000000001,0.0,0.0030000000000000027,0.010000000000000009,0.0,0.118,-0.017000000000000015,-0.29500000000000004,0.027999999999999914,0.002,0.019000000000000017
39,5,0.0958,-0.5739597790538311,0.10650752288860882,0.0048178640410436735,0.0958,0.0,0.0,-0.006000000000000005,0.0,0.06599999999999999,0.5670000000000001,0.093,-0.15900000000000003,0.001,0.396
39,3,0.1251,-0.5817798996885744,0.15126640786778722,0.10992636925322574,0.1251,0.0,0.0,-0.0030000000000000027,0.0,0.07199999999999998,-0.20799999999999996,0.07999999999999999,0.8109999999999999,0.002,0.49700000000000005
39,6,-0.005199999999999982,0.15164287326434955,-0.009146143383498173,0.008637169029493408,-0.0052000000000000934,0.0,0.0,0.0010000000000000009,0.0,-0.018000000000000016,0.018000000000000016,0.010000000000000009,-0.0050000000000000044,-0.052,-0.006000000000000005
39,2,-0.016699999999999993,0.09365722660820319,-0.009861345541541111,0.10758454162071496,-0.016700000000000048,0.0,0.0030000000000000027,0.01100000000000001,0.0,-0.386,0.03600000000000003,0.151,0.0,0.002,0.016000000000000014
40,5,0.09409999999999996,-0.5706885660799164,0.1040694795114328,0.005921968725672411,0.09410000000000002,0.0,0.0,-0.0050000000000000044,0.0,0.06899999999999999,0.5670000000000001,0.097,-0.17500000000000004,0.001,0.387
40,2,-0.011199999999999988,0.024689573449448776,-0.004243793040021759,0.11178835084796279,-0.011199999999999988,0.0,0.0030000000000000027,0.013000000000000012,0.0,-0.396,0.03300000000000003,0.191,0.0050000000000000044,0.002,0.03700000000000003
40,0,-0.0009000000000000119,0.21727215443937187,0.002700872395168863,-0.09003610837438103,-0.0009000000000000119,-0.001,0.0,0.0030000000000000027,0.0,-0.013000000000000012,0.016000000000000014,-0.002999999999999975,-0.007000000000000006,-0.003,-0.0010000000000000009
40,7,0.07919999999999999,-0.42916077356368953,0.08529991946128734,0.10985089886800375,0.07919999999999999,0.0,0.0,-0.0050000000000000044,0.0,0.08199999999999999,0.396,0.08600000000000002,0.29899999999999993,0.002,-0.06799999999999995
40,6,-0.0040999999999999925,0.1328546071585759,-0.008172785886459533,0.01009126401665461,-0.0040999999999999925,0.0,0.0,0.0,0.0,-0.0040000000000000036,0.02400000000000002,0.017000000000000015,-0.01200000000000001,-0.06,-0.006000000000000005
40,3,0.12239999999999995,-0.5792404999748202,0.1472985329856349,0.11034037818611231,0.12239999999999995,0.0,0.0,-0.0040000000000000036,0.0,0.06799999999999999,-0.19999999999999996,0.08900000000000002,0.7909999999999999,0.002,0.47800000000000004
40,4,-0.015800000000000036,-0.009299449265574466,-0.004050866722194069,0.06715469519376965,-0.015800000000000036,0.0,0.0020000000000000018,0.015000000000000013,0.0,0.119,-0.0030000000000000027,-0.32200000000000006,0.02499999999999991,0.002,0.0040000000000000036
40,1,-0.0015000000000000013,0.18524212235459903,-0.0023225862470507286,0.01935367222438944,-0.0015000000000000568,0.0,0.0030000000000000027,-0.0020000000000000018,0.0,0.009999999999999981,0.027000000000000024,-0.032,-0.0030000000000000027,-0.002,-0.015999999999999903
41,1,-0.0009000000000000119,0.16998826581449178,-0.0019164289886453578,-0.0026086684805611826,-0.0008999999999998454,0.0,0.0020000000000000018,-0.0010000000000000009,0.0,0.015000000000000013,0.007000000000000006,-0.030000000000000027,0.013999999999999901,0.0,-0.015999999999999903
41,5,0.09549999999999997,-0.586658961094987,0.1043815959235882,0.0016834611682275957,0.09549999999999997,0.0,0.0,-0.0050000000000000044,0.0,0.07500000000000001,0.5710000000000001,0.098,-0.17200000000000004,0.003,0.385
41,4,-0.014200000000000046,-0.010605280010844709,-0.003062767116631615,0.06920752381523398,-0.014200000000000046,0.0,0.0040000000000000036,0.018000000000000016,0.0,0.124,-0.008000000000000007,-0.32099999999999995,0.02299999999999991,0.004,0.014000000000000012
41,3,0.12440000000000001,-0.5993101612066689,0.14889933667140087,0.10791356860968415,0.12440000000000001,0.0,0.0,-0.0040000000000000036,0.0,0.07900000000000001,-0.19199999999999995,0.09,0.7929999999999999,0.004,0.47400000000000003
41,2,-0.016400000000000026,0.11559182576858973,-0.004981782407137092,0.11289130267870107,-0.016400000000000026,0.0,0.0030000000000000027,0.03200000000000003,0.0,-0.46599999999999997,0.062000000000000055,0.183,-0.006000000000000005,0.004,0.02400000000000002
41,7,0.0807,-0.4487019114600961,0.08632211699025671,0.10980864283463748,0.08070000000000005,0.0,0.0010000000000000009,-0.0050000000000000044,0.0,0.098,0.38800000000000007,0.086,0.30399999999999994,0.004,-0.06899999999999995
41,0,0.00019999999999997797,0.19670386740955692,0.0034271179362325155,-0.0890396395055042,0.00020000000000003348,-0.003,0.0,0.0040000000000000036,0.0,-0.011999999999999983,0.016000000000000014,0.0040000000000000036,0.0030000000000000027,-0.003,-0.007000000000000006
41,6,-0.004500000000000004,0.1230837262857456,-0.009000099797502492,0.0075960891258942675,-0.004500000000000004,0.0,0.0,0.0010000000000000009,0.0,-0.010999999999999982,0.015000000000000013,0.016999999999999987,0.0020000000000000018,-0.06,-0.009000000000000008
42,0,-0.0005000000000000004,0.21666870901759827,0.0029548457946608764,-0.0554580035592942,-0.0004999999999998894,-0.002,0.0,0.0030000000000000027,0.0,-0.023999999999999994,0.02100000000000002,-0.0040000000000000036,0.010000000000000009,0.0,-0.009000000000000008
42,5,0.09620000000000001,-0.5800380744873146,0.10569541282191519,0.004667857836688105,0.09620000000000012,0.0,0.0,-0.0050000000000000044,0.0,0.07100000000000001,0.5630000000000001,0.095,-0.15500000000000003,0.007,0.386
42,1,-0.0011999999999999789,0.18326816391259326,-0.001731575784063133,0.009856126855245617,-0.0011999999999998678,0.0,0.0020000000000000018,-0.0020000000000000018,0.0,0.01200000000000001,0.008000000000000007,-0.039000000000000035,0.02100000000000002,0.002,-0.015999999999999903
42,2,-0.013499999999999956,0.03229764132453994,-0.003962546657615362,0.10618192092404749,-0.013499999999999845,0.0,0.0040000000000000036,0.02100000000000002,0.0,-0.44099999999999995,0.07600000000000007,0.183,-0.020000000000000018,0.008,0.03400000000000003
42,3,0.12259999999999999,-0.5781405973739138,0.14714507962333295,0.10836797958026989,0.1226000000000001,0.0,0.0,-0.0040000000000000036,0.0,0.076,-0.19599999999999995,0.08399999999999999,0.8049999999999999,0.008,0.45300000000000007
42,7,0.07819999999999999,-0.43076613383552154,0.08426292962658039,0.10818495408485562,0.0782000000000001,0.0,0.0,-0.0050000000000000044,0.0,0.092,0.36800000000000005,0.08399999999999999,0.30199999999999994,0.008,-0.06699999999999995
42,4,-0.015000000000000013,0.001727558172548882,-0.002478311441133696,0.06604041553323309,-0.014999999999999791,0.0,0.0040000000000000036,0.016000000000000014,0.0,0.126,0.0030000000000000027,-0.33099999999999996,0.01100000000000001,0.008,0.013000000000000012
42,6,-0.0028000000000000247,0.13778509118686477,-0.007224467355429365,0.007121355724593492,-0.0027999999999999137,0.0,0.0,0.0,0.0,-0.01100000000000001,0.02300000000000002,0.014999999999999986,0.016000000000000014,-0.062000000000000006,-0.009000000000000008
43,0,-0.0024000000000000132,0.22418179298742125,0.00036446020914815414,-0.0751149678621077,-0.0024000000000001243,-0.006,0.0,0.0020000000000000018,0.0,-0.02100000000000002,0.03400000000000003,-0.012999999999999984,-0.014000000000000012,-0.003,-0.0030000000000000027
43,4,-0.011999999999999955,-0.03795823007345955,-0.004022359804918052,-0.035526782309922234,-0.01200000000000001,0.0,0.0040000000000000036,0.010000000000000009,0.0,0.10499999999999998,0.0,-0.271,0.017000000000000015,0.003,0.01200000000000001
43,7,0.07290000000000002,-0.40248953724821535,0.07737269440697164,0.10761994811688724,0.07289999999999996,0.0,0.0,-0.0050000000000000044,0.0,0.07599999999999998,0.34900000000000003,0.07900000000000001,0.2929999999999999,0.005,-0.06799999999999995
43,1,-0.0030999999999999917,0.20776391562562413,-0.004738376845651648,-0.0035697072895298776,-0.0030999999999999917,0.0,0.0020000000000000018,-0.0030000000000000027,0.0,0.0,0.016000000000000014,-0.04500000000000001,0.015000000000000013,-0.002,-0.013999999999999901
43,3,0.119,-0.5614689055342263,0.14188872744058934,0.1074701012479985,0.119,0.0,0.0,-0.0040000000000000036,0.0,0.060999999999999985,-0.18999999999999995,0.07900000000000001,0.7979999999999999,0.005,0.44100000000000006
43,2,-0.017600000000000005,0.06879349828909032,-0.008261079392468784,0.10796860491505689,-0.01760000000000017,0.0,0.0010000000000000009,0.020000000000000018,0.0,-0.44099999999999995,0.05800000000000005,0.17400000000000002,-0.01200000000000001,0.005,0.019000000000000017
43,5,0.0943,-0.5679502723316032,0.10234780925581488,0.00361793257949794,0.09429999999999994,0.0,0.0,-0.006000000000000005,0.0,0.057999999999999996,0.5640000000000001,0.092,-0.15900000000000003,0.004,0.39
43,6,-0.006300000000000028,0.14543737275912738,-0.012455311299142346,0.006055520148515181,-0.006300000000000083,0.0,0.0,0.0010000000000000009,0.0,-0.010000000000000009,0.016000000000000014,0.007000000000000006,0.006000000000000005,-0.073,-0.010000000000000009
44,2,-0.017000000000000015,0.09681070726900431,-0.006903504741120781,0.10953575100115825,-0.01699999999999996,0.0,0.0040000000000000036,0.02200000000000002,0.0,-0.43299999999999994,0.05500000000000005,0.174,-0.009000000000000008,0.007,0.010000000000000009
44,0,-0.0005000000000000004,0.2177971190157031,0.0023212097798491205,-0.06945253454955136,-0.0005000000000001115,-0.005,0.0,0.0020000000000000018,0.0,-0.01899999999999999,0.027000000000000024,0.0,0.0010000000000000009,-0.007,-0.0040000000000000036
44,7,0.0766,-0.4200264523966242,0.0812752573764261,0.10978728362618334,0.0766,0.0,0.0,-0.0050000000000000044,0.0,0.08600000000000001,0.35000000000000003,0.089,0.30299999999999994,0.007,-0.06399999999999995
44,6,-0.0048000000000000265,0.1211057699526461,-0.011361738379743525,0.005633785562532578,-0.004800000000000082,0.0,0.0,0.0010000000000000009,0.0,-0.0040000000000000036,0.020000000000000018,0.02099999999999999,0.0040000000000000036,-0.08299999999999999,-0.007000000000000006
44,5,0.09610000000000002,-0.5772530419377091,0.1043267570964505,0.0067550377957689145,0.09610000000000002,0.0,0.0,-0.006000000000000005,0.0,0.068,0.559,0.1,-0.15300000000000002,0.006,0.387
44,1,0.00030000000000002247,0.18492938002077564,-0.0007212190568319232,-1.2689321242209672e-05,0.00030000000000002247,0.0,0.0020000000000000018,-0.0010000000000000009,0.0,0.0040000000000000036,0.02400000000000002,-0.02400000000000002,0.009000000000000008,-0.001,-0.009999999999999898
44,4,-0.011900000000000022,-0.022668640453594513,-0.00036904113653424275,-0.029012947429758018,-0.011900000000000188,0.0,0.0040000000000000036,0.017000000000000015,0.0,0.128,0.008000000000000007,-0.32099999999999995,0.020000000000000018,0.006,0.019000000000000017
44,3,0.11960000000000004,-0.5745619805857016,0.1417781586848566,0.00808847824565695,0.11959999999999998,0.0,0.0,-0.0040000000000000036,0.0,0.068,-0.19399999999999995,0.087,0.7999999999999999,0.006,0.43300000000000005
45,1,-0.00029999999999996696,0.17058635633974406,-0.0009036992676056954,-0.09942324113225998,-0.000300000000000189,0.0,0.0030000000000000027,0.0,-0.001,0.016999999999999987,0.016000000000000014,-0.017000000000000015,0.0020000000000000018,-0.004,-0.018999999999999906
45,0,-0.0017999999999999128,0.22438789747012722,0.002672718435999921,-0.072783779192509,-0.0018000000000001348,-0.006,-0.0020000000000000018,0.0030000000000000027,0.0,-0.013000000000000012,0.010000000000000009,0.0030000000000000027,-0.0040000000000000036,-0.002,-0.007000000000000006
45,7,0.07310000000000005,-0.41396210102227515,0.07793809323253631,0.10745615300064809,0.07309999999999994,0.0,-0.0010000000000000009,-0.0050000000000000044,0.0,0.09699999999999999,0.3340000000000001,0.08400000000000002,0.2859999999999999,0.01,-0.07399999999999995
45,4,-0.008599999999999941,-0.051206048304280216,0.004166156510018559,-0.03422150760700349,-0.008600000000000052,0.0,0.0020000000000000018,0.016000000000000014,0.0,0.152,-0.0029999999999998916,-0.31299999999999994,0.02100000000000002,0.009000000000000001,0.030000000000000027
45,3,0.12200000000000005,-0.5756491498825267,0.14560678323477189,0.010669622534439704,0.12199999999999994,0.0,-0.0020000000000000018,-0.0040000000000000036,0.0,0.078,-0.18399999999999994,0.08900000000000002,0.7989999999999999,0.008,0.43600000000000005
45,6,-0.007199999999999984,0.13960892133438563,-0.013831452279665313,0.00741650194777943,-0.007200000000000095,0.0,-0.0020000000000000018,0.0010000000000000009,0.0,-0.007000000000000006,0.018000000000000016,0.02200000000000002,0.0030000000000000027,-0.092,-0.015000000000000013
45,5,0.09770000000000001,-0.57465498439801,0.10675054607098977,0.007139290467941817,0.09770000000000001,0.0,-0.0010000000000000009,-0.006000000000000005,0.0,0.08,0.561,0.10800000000000001,-0.15900000000000003,0.008,0.386
45,2,-0.01319999999999999,0.05943610150212297,-0.0005259639115700598,0.01145753590616072,-0.01319999999999999,0.0,0.0010000000000000009,0.028000000000000025,0.0,-0.434,0.05300000000000005,0.20800000000000002,-0.013000000000000012,0.008,0.017000000000000015
46,0,-0.0017000000000000348,0.21866722228808877,0.001157151725973915,-0.07739270436878865,-0.0016999999999999238,-0.008,-0.0020000000000000018,0.0020000000000000018,0.0,-0.018000000000000016,0.02100000000000002,-0.0020000000000000018,-0.0010000000000000009,-0.004999999999999999,-0.0040000000000000036
46,6,-0.00880000000000003,0.1424131123021768,-0.015633012869246787,0.006105486469408783,-0.00880000000000003,0.0,-0.0020000000000000018,0.0010000000000000009,0.0,-0.013000000000000012,0.0040000000000000036,0.01200000000000001,0.006000000000000005,-0.091,-0.0050000000000000044
46,3,0.11799999999999994,-0.5640129342246745,0.1408080199943762,0.008171024328400112,0.1180000000000001,0.0,-0.0020000000000000018,-0.0050000000000000044,0.0,0.07999999999999999,-0.18499999999999994,0.07800000000000001,0.7889999999999999,0.011,0.41400000000000003
46,7,0.07289999999999996,-0.41638856688246584,0.07735726061527282,0.1070227805746663,0.07290000000000002,0.0,0.0,-0.006000000000000005,0.0,0.09599999999999999,0.3320000000000001,0.07300000000000001,0.2859999999999999,0.013,-0.06499999999999995
46,2,-0.010600000000000054,0.022810817145691775,-0.001163118951644504,0.009400964993655725,-0.010599999999999832,0.0,0.0020000000000000018,0.015000000000000013,0.0,-0.38399999999999995,0.05800000000000005,0.187,-0.01100000000000001,0.011,0.016000000000000014
46,4,-0.015000000000000013,0.02999205863513854,-0.0016717882874175416,-0.027574218648058424,-0.014999999999999902,0.0,0.0020000000000000018,0.015000000000000013,0.0,0.13,-0.007999999999999896,-0.32499999999999996,0.009000000000000008,0.012,0.015000000000000013
46,1,-0.000500000000000056,0.18294134117163008,-0.0013125180040733375,-0.10144570678666076,-0.0004999999999998339,0.0,0.0020000000000000018,0.0,-0.001,0.00899999999999998,0.017000000000000015,-0.03199999999999997,0.015000000000000013,-0.0010000000000000009,-0.013999999999999901
46,5,0.09549999999999997,-0.5675293241446013,0.10421070533544252,0.007194729321904236,0.09550000000000014,0.0,-0.0010000000000000009,-0.007000000000000006,0.0,0.07899999999999999,0.557,0.10200000000000001,-0.16300000000000003,0.011,0.377
47,6,-0.00770000000000004,0.12257870965110573,-0.01483612910762,0.0035179362949768755,-0.007699999999999929,0.0,-0.0020000000000000018,0.0010000000000000009,0.0,0.006000000000000005,0.014000000000000012,0.0050000000000000044,-0.0020000000000000018,-0.092,-0.007000000000000006
47,1,-0.0010999999999999899,0.1713432321152366,-0.002275277979292112,-0.10217771795710595,-0.0010999999999998789,0.0,0.0020000000000000018,0.0,-0.001,0.020000000000000018,0.010000000000000009,-0.034999999999999976,0.0040000000000000036,-0.0009999999999999992,-0.009999999999999898
47,2,-0.015700000000000047,0.1016957260930118,-0.0005414029116035945,0.014245261876406734,-0.015699999999999936,0.0,0.0010000000000000009,0.027000000000000024,0.0,-0.437,0.02199999999999991,0.185,0.0119999999999999,0.013000000000000001,0.020000000000000018
47,0,-0.0036000000000000476,0.21436582586635788,-0.00028743712143392,-0.0660908246960662,-0.0035999999999998256,-0.006,-0.0020000000000000018,0.0030000000000000027,0.0,-0.013999999999999985,0.018999999999999906,-0.016000000000000014,-0.01200000000000001,-0.002,-0.006000000000000005
47,4,-0.010199999999999987,-0.041324497411807215,0.00040671527765168136,-0.03033423225091647,-0.010199999999999987,0.0,0.0020000000000000018,0.014000000000000012,0.0,0.14400000000000002,0.008000000000000007,-0.30200000000000005,0.0020000000000000018,0.013000000000000001,0.017000000000000015
47,7,0.07379999999999998,-0.4194103608877895,0.07841623301508555,0.10857873358215908,0.07380000000000014,0.0,0.0,-0.006000000000000005,0.0,0.11400000000000002,0.32799999999999996,0.07100000000000001,0.2819999999999999,0.014,-0.06499999999999995
47,3,0.12140000000000001,-0.577771011251992,0.14417818037778796,0.010101978349935536,0.12140000000000006,0.0,-0.0010000000000000009,-0.0050000000000000044,0.0,0.09600000000000002,-0.16700000000000004,0.07400000000000001,0.7789999999999999,0.012,0.42600000000000005
47,5,0.09439999999999998,-0.5648403000146058,0.10228973988599394,0.008353612881101036,0.0944000000000001,0.0,-0.0010000000000000009,-0.006000000000000005,0.0,0.09700000000000002,0.5579999999999999,0.097,-0.17200000000000004,0.01,0.3610000000000001
48,2,-0.009199999999999986,0.027950026737615374,0.00014500234864439632,0.010378137045534142,-0.009199999999999875,0.0,0.0020000000000000018,0.015000000000000013,0.0,-0.36000000000000004,0.050999999999999934,0.182,-0.01200000000000001,0.013,0.017000000000000015
48,1,-0.0011999999999999789,0.17549468267459067,-0.0016170349927174255,-0.10184536420779333,-0.0011999999999999789,0.0,0.0020000000000000018,0.0010000000000000009,-0.001,0.016000000000000014,0.0039999999999998925,-0.02799999999999997,0.010000000000000009,0.0009999999999999992,-0.016999999999999904
48,6,-0.009399999999999964,0.1376137805822939,-0.0172511871282629,0.0031912205924166104,-0.009400000000000075,0.0,-0.0030000000000000027,0.0030000000000000027,0.0,-0.009000000000000008,0.015999999999999903,0.013000000000000012,-0.0020000000000000018,-0.1,-0.01200000000000001
48,3,0.11830000000000002,-0.5671275720809597,0.14039299714611375,0.00832588664802869,0.11830000000000002,0.0,-0.0010000000000000009,-0.0040000000000000036,0.0,0.085,-0.18100000000000005,0.07600000000000001,0.7879999999999999,0.012,0.40800000000000003
48,4,-0.013399999999999967,0.009802417633251626,-0.00025629221057721363,-0.026778563004270728,-0.013399999999999967,0.0,0.0010000000000000009,0.018000000000000016,0.0,0.136,-0.0010000000000000009,-0.32399999999999995,0.014000000000000012,0.013,0.009000000000000008
48,0,-0.0043999999999999595,0.2348988357062538,-0.002173017827024004,-0.07376066145342686,-0.0044000000000000705,-0.011,-0.0030000000000000027,0.0040000000000000036,0.0,-0.016999999999999987,0.015999999999999903,-0.013000000000000012,-0.0030000000000000027,-0.010000000000000002,-0.007000000000000006
48,5,0.09340000000000004,-0.565144810432824,0.10132709513837113,0.007993042750821244,0.09340000000000004,0.0,-0.0010000000000000009,-0.006000000000000005,0.0,0.083,0.5459999999999999,0.101,-0.15800000000000003,0.011,0.3580000000000001
48,7,0.07200000000000001,-0.41158781798122046,0.07680637482036956,0.11072681707201343,0.07200000000000001,0.0,-0.0010000000000000009,-0.0050000000000000044,0.0,0.10300000000000001,0.31399999999999995,0.07700000000000001,0.2879999999999999,0.015,-0.07099999999999995
49,5,0.09530000000000005,-0.5645907945907154,0.10383656846305095,0.009031522027833638,0.0953,0.0,-0.0010000000000000009,-0.0050000000000000044,0.0,0.09299999999999999,0.5409999999999999,0.10400000000000001,-0.16000000000000003,0.016,0.365
49,4,-0.00649999999999995,-0.08483367986953283,0.007364214922937151,0.06952452487587912,-0.006500000000000061,0.0,0.0010000000000000009,0.01200000000000001,0.0,0.16199999999999998,0.02299999999999991,-0.29000000000000004,-0.009000000000000008,0.02,0.016000000000000014
49,6,-0.009699999999999931,0.1343476505706107,-0.016450920379027845,0.003663983746509003,-0.009700000000000042,0.0,-0.0020000000000000018,0.0030000000000000027,0.0,-0.0030000000000000027,0.0119999999999999,0.009000000000000008,-0.0020000000000000018,-0.096,-0.018000000000000016
49,2,-0.009399999999999964,0.0010861284054888287,0.0016008060401833113,0.030543167010710304,-0.009400000000000075,0.0,0.0020000000000000018,0.02400000000000002,0.0,-0.403,0.04399999999999993,0.199,-0.017000000000000015,0.016,0.041000000000000036
49,3,0.11870000000000003,-0.5644065084548804,0.141455775529705,0.008917196944235206,0.11869999999999992,0.0,0.0,-0.0050000000000000044,0.0,0.089,-0.17700000000000005,0.07600000000000001,0.7869999999999999,0.018000000000000002,0.399
49,1,-0.0034999999999999476,0.1925336309134389,-0.00315207596538869,-0.10087445626266545,-0.0035000000000000586,0.0,0.0020000000000000018,0.0010000000000000009,-0.001,0.00899999999999998,-0.0040000000000000036,-0.04099999999999998,0.009000000000000008,0.006,-0.016000000000000014
49,0,-0.006399999999999961,0.2484697164438021,-0.004224690324087621,-0.07329815556464303,-0.006400000000000072,-0.019,-0.0020000000000000018,0.0040000000000000036,0.0,-0.019000000000000017,-0.0020000000000000018,-0.007000000000000006,-0.0010000000000000009,-0.009000000000000001,-0.009000000000000008
49,7,0.07070000000000004,-0.4047119484161037,0.07592037228836446,0.009290710364366128,0.07069999999999993,0.0,0.0,-0.0050000000000000044,0.0,0.11099999999999999,0.30399999999999994,0.07500000000000001,0.2789999999999999,0.019,-0.07599999999999996
