iteration,node_id,accuracy,test_loss,f1score,precision,recall,accuracy_per_0,accuracy_per_1,accuracy_per_2,accuracy_per_3,accuracy_per_4,accuracy_per_5,accuracy_per_6,accuracy_per_7,accuracy_per_8,accuracy_per_9
0,4,-0.0017000000000000348,-0.01104080123901352,0.002460548517709854,0.007906605928091504,-0.0017000000000000348,0.09599999999999997,0.08800000000000008,0.08500000000000002,0.066,0.0,-0.162,0.093,-0.271,0.162,-0.174
0,1,0.0353,-0.05528202304840102,0.05786429160080711,-0.01712481167706703,0.0353,-0.20499999999999996,0.09400000000000008,0.02400000000000002,0.155,0.0,-0.206,0.10599999999999998,0.03999999999999998,0.163,0.182
0,0,0.034399999999999986,-0.11778545207977276,0.04247848365137061,0.05704805872729024,0.034399999999999986,0.269,-0.16199999999999992,0.065,0.19,0.0,0.04,-0.15200000000000002,0.05399999999999999,-0.137,0.177
0,3,0.004599999999999993,0.053148799514770584,0.003359310533802423,-0.0500805809100201,0.004599999999999993,-0.15900000000000003,0.26,0.07600000000000001,-0.15899999999999997,-0.151,0.012,-0.03200000000000003,0.010999999999999982,0.16699999999999998,0.02099999999999999
0,2,0.024399999999999977,-0.0855765739440919,0.035958203048491094,-0.005989728082476942,0.024399999999999977,0.527,0.248,-0.02999999999999997,0.010000000000000009,0.0,0.013000000000000001,0.06599999999999998,0.22,-0.343,-0.467
1,0,0.021199999999999997,-0.091782023048401,0.050112885874103286,-0.019330118695106258,0.021199999999999997,0.07,-0.06699999999999995,-0.0050000000000000044,0.06900000000000003,0.064,0.13999999999999999,-0.09999999999999998,0.00599999999999995,-0.05399999999999994,0.089
1,1,0.03689999999999999,-0.1103748511314393,0.05139780544458872,0.025393722166105914,0.03689999999999999,-0.20699999999999996,-0.01100000000000001,0.062,0.10100000000000003,0.052000000000000005,-0.153,0.062000000000000055,0.022999999999999965,0.28200000000000003,0.158
1,2,0.005500000000000005,-0.03775754070281989,0.0045020238429043236,-0.006701002856254967,0.005500000000000005,0.30500000000000005,0.13,-0.04899999999999999,-0.07799999999999996,-0.008999999999999994,0.040999999999999995,0.08200000000000007,0.11099999999999999,-0.21799999999999997,-0.26
1,4,0.0012999999999999678,0.01759053516387943,-0.0014218635885352993,0.005407514699752536,0.0012999999999999678,-0.017000000000000015,-0.02400000000000002,0.07800000000000001,0.05100000000000002,0.0020000000000000018,-0.18500000000000003,0.0020000000000000018,-0.11299999999999999,0.25000000000000006,-0.031
1,3,0.004699999999999982,0.0056440615653992054,-0.010674298849523423,0.01399180109499315,0.0047000000000000375,-0.11299999999999999,0.10899999999999999,0.08400000000000002,-0.04899999999999999,-0.309,0.015999999999999986,0.06000000000000005,0.10699999999999998,0.14400000000000007,-0.0020000000000000018
2,4,-0.008599999999999997,0.023279623508453362,-0.012596150207097867,-0.009334312321656935,-0.008600000000000108,0.007999999999999952,0.031000000000000028,0.0020000000000000018,0.057999999999999996,0.021000000000000005,-0.15999999999999998,0.016000000000000014,-0.09999999999999998,0.11699999999999999,-0.07899999999999996
2,3,0.0005999999999999894,0.010056972312927126,-0.010474524456804635,0.0038882003653235575,0.0005999999999999339,-0.09899999999999998,0.04800000000000004,0.07399999999999995,-0.044999999999999984,-0.21200000000000002,0.03,0.015000000000000013,0.07,0.14600000000000002,-0.020999999999999963
2,0,0.02360000000000001,-0.09674991407394407,0.05067955022762899,-0.019632654571485775,0.0235999999999999,0.119,-0.03299999999999992,0.01699999999999996,-0.044999999999999984,0.108,0.14600000000000002,-0.07599999999999996,-0.02400000000000002,-0.050999999999999934,0.07500000000000001
2,1,0.020600000000000007,-0.04832290487289437,0.02938429081612226,0.016134881364865183,0.02059999999999984,-0.18400000000000005,-0.0119999999999999,0.007000000000000006,0.10500000000000001,0.041999999999999996,-0.14300000000000002,0.04600000000000004,-0.015000000000000013,0.21600000000000003,0.14400000000000002
2,2,0.015900000000000025,-0.07918814468383806,0.013810306894775526,-0.00149697762181783,0.01589999999999997,0.20899999999999996,0.05700000000000005,-0.065,-0.02699999999999997,-0.013000000000000012,0.034,0.131,0.09600000000000003,-0.09299999999999997,-0.16999999999999998
3,4,-0.002599999999999991,0.011344542598724416,-0.0041732452139927045,-0.0018791938861442148,-0.002599999999999991,0.0010000000000000009,0.0020000000000000018,0.05299999999999999,0.027000000000000024,0.0050000000000000044,-0.07500000000000001,0.02200000000000002,-0.07800000000000007,0.08100000000000007,-0.064
3,0,0.013000000000000012,-0.09443519182205207,0.03195908104408218,-0.015803395785221996,0.013000000000000012,0.055999999999999994,-0.051999999999999935,0.0010000000000000009,-0.044999999999999984,0.09,0.141,-0.03600000000000003,0.0020000000000000018,-0.07699999999999996,0.04999999999999999
3,3,-0.0015000000000000013,-0.0009229660987855048,-0.010528409063855104,-0.004337707111893407,-0.0014999999999999458,-0.07499999999999996,0.030000000000000027,0.044999999999999984,-0.01200000000000001,-0.24800000000000003,0.025999999999999995,0.0010000000000000009,0.09299999999999997,0.09699999999999998,0.028000000000000025
3,1,0.006000000000000005,-0.030052307319641036,0.012377513458921408,-0.0018512239646240602,0.006000000000000061,-0.119,-0.013000000000000012,0.0050000000000000044,0.07100000000000001,0.045999999999999985,-0.126,0.02400000000000002,-0.0050000000000000044,0.09199999999999997,0.08499999999999999
3,2,-0.0018999999999999573,-0.02052218408584605,-0.004688066191134321,-0.008710931601352778,-0.0018999999999999018,0.16700000000000004,0.05300000000000005,-0.057999999999999996,-0.04999999999999999,-0.0040000000000000036,0.014999999999999986,0.06999999999999995,0.06799999999999995,-0.12,-0.15999999999999998
4,2,0.008000000000000007,-0.042579686737060474,0.00765350817431748,0.002937979522125822,0.008000000000000007,0.123,0.04600000000000004,-0.02300000000000002,-0.066,0.013999999999999985,0.038000000000000006,0.08699999999999997,0.07899999999999996,-0.08300000000000007,-0.135
4,1,0.004799999999999971,-0.0003657641410825807,0.00988064721837506,0.007556820504028172,0.004800000000000082,-0.10099999999999998,-0.005999999999999894,0.01799999999999996,0.067,0.04199999999999998,-0.11399999999999999,0.01200000000000001,-0.009000000000000008,0.038999999999999924,0.09999999999999998
4,0,0.02729999999999999,-0.11672877502441392,0.04596903892060744,0.005856321485930183,0.027300000000000046,0.05099999999999999,-0.05499999999999994,0.021999999999999964,-0.03500000000000003,0.11,0.14100000000000001,-0.031000000000000028,0.009000000000000008,-0.02400000000000002,0.08500000000000002
4,3,-0.008600000000000052,0.026302818918228166,-0.01899468744470284,-0.003946757278627699,-0.008599999999999997,-0.049000000000000044,0.05300000000000005,0.057999999999999996,-0.04400000000000004,-0.22400000000000003,0.006000000000000005,0.020000000000000018,0.08199999999999996,0.04299999999999993,-0.031000000000000028
4,4,0.0007999999999999674,-0.012982413005828697,-0.0007154421496519681,-0.0007595829779047936,0.0007999999999999674,-0.0040000000000000036,0.013000000000000012,0.020999999999999963,0.05199999999999999,0.006000000000000005,-0.08099999999999996,-0.020000000000000018,-0.051000000000000045,0.122,-0.04999999999999999
5,4,0.0047000000000000375,0.011352494049072126,0.004794133229204689,0.00853577542849493,0.0046999999999999265,0.0020000000000000018,0.0,0.009000000000000008,0.04899999999999999,0.01899999999999999,-0.03699999999999998,0.0010000000000000009,-0.05500000000000005,0.06899999999999995,-0.010000000000000009
5,2,0.006400000000000072,-0.045382571315765396,0.0033775984079534305,-0.0021206257340032897,0.00639999999999985,0.13100000000000006,0.04999999999999993,-0.033999999999999975,-0.02799999999999997,0.004999999999999977,-0.0010000000000000009,0.09399999999999997,0.05800000000000005,-0.08800000000000008,-0.123
5,1,0.0050000000000000044,-0.019452186727523912,0.009501913326958156,0.006427543407618752,0.004999999999999893,-0.09599999999999997,-0.018000000000000016,0.018000000000000016,0.07,0.05199999999999999,-0.14600000000000002,0.027999999999999914,-0.026000000000000023,0.05999999999999994,0.10799999999999998
5,3,0.0010999999999999899,0.011286188268661457,-0.0029830467452093834,-0.0023896905005099667,0.0010999999999998789,-0.051999999999999935,0.050999999999999934,0.05399999999999999,-0.02999999999999997,-0.195,0.067,-0.02100000000000002,0.08599999999999997,0.041999999999999926,0.009000000000000008
5,0,0.017699999999999994,-0.10065392928123473,0.03337155854436025,-0.0008949257194291738,0.017699999999999827,0.02400000000000002,-0.05800000000000005,-0.015000000000000013,-0.018000000000000016,0.10199999999999998,0.131,-0.02400000000000002,-0.019000000000000017,-0.0010000000000000009,0.05499999999999999
6,2,0.0023999999999999577,-0.03564228210449216,0.0023840272956058284,-0.004469295793346428,0.0024000000000000687,0.11500000000000005,0.03300000000000003,0.0040000000000000036,-0.05499999999999999,0.01100000000000001,0.02400000000000002,0.05800000000000005,0.05899999999999994,-0.08800000000000008,-0.13699999999999996
6,0,0.01969999999999994,-0.10009295601844803,0.032393502557576115,0.0021657193300813615,0.01970000000000005,0.04700000000000004,-0.051999999999999935,0.0050000000000000044,-0.032999999999999974,0.099,0.14,-0.031000000000000028,-0.018000000000000016,-0.026000000000000023,0.066
6,3,-0.0007000000000000339,-0.009265288114547854,-0.007034231612699893,-0.008107090321083033,-0.0006999999999998119,-0.07299999999999995,0.03400000000000003,0.04300000000000004,-0.01699999999999996,-0.195,0.02200000000000002,0.0030000000000000027,0.08699999999999997,0.09399999999999997,-0.0050000000000000044
6,4,-0.006200000000000094,0.009919118642806923,-0.00715521497282634,-0.004401433533183008,-0.006199999999999872,-0.019999999999999907,0.026000000000000023,-0.01100000000000001,0.039000000000000035,0.013000000000000012,-0.10999999999999999,0.019000000000000017,-0.062000000000000055,0.06999999999999995,-0.026000000000000023
6,1,0.00039999999999995595,-0.011791653060913232,0.004091964268960524,0.0011595798988535133,0.00040000000000006697,-0.09099999999999997,-0.013000000000000012,0.006000000000000005,0.08000000000000002,0.023999999999999994,-0.119,0.008000000000000007,-0.031000000000000028,0.04599999999999993,0.09399999999999997
7,0,0.02070000000000005,-0.11054517536163333,0.033478946740046256,0.005804946830210933,0.02069999999999994,0.052000000000000046,-0.04399999999999993,-0.03300000000000003,0.030999999999999972,0.095,0.13,-0.038000000000000034,-0.01200000000000001,-0.03500000000000003,0.061
7,3,-0.0008000000000000229,0.0006260082244873288,-0.007350924220557942,-0.008647488391905656,-0.0008000000000000229,-0.08999999999999997,0.02100000000000002,0.059,-0.020000000000000018,-0.181,0.01100000000000001,0.009000000000000008,0.09699999999999998,0.08899999999999997,-0.0030000000000000027
7,1,0.00039999999999995595,-0.0001538575649262519,0.0004668045999696169,0.0024075795665033928,0.00040000000000006697,-0.09099999999999997,-0.007000000000000006,0.02799999999999997,0.04799999999999999,0.028999999999999998,-0.13,0.030000000000000027,-0.0010000000000000009,0.04399999999999993,0.05400000000000005
7,2,0.008000000000000007,-0.053614500331878645,0.00727089223093913,-0.005743419055569743,0.008000000000000118,0.14100000000000007,0.050000000000000044,-0.03700000000000003,-0.03200000000000003,0.008000000000000007,0.025000000000000022,0.06400000000000006,0.06399999999999995,-0.07300000000000006,-0.12999999999999995
7,4,0.0023999999999999577,0.005256026506423872,0.0019473076255921429,0.005022991289017398,0.0024000000000000687,-0.04699999999999993,0.02400000000000002,0.019000000000000017,0.057999999999999996,-0.0050000000000000044,-0.05499999999999999,-0.0030000000000000027,-0.05800000000000005,0.08499999999999996,0.006000000000000005
8,3,-0.008400000000000074,0.024537880706787085,-0.014154004601245163,-0.012083044635287532,-0.008399999999999963,-0.06500000000000006,0.03500000000000003,0.016000000000000014,-0.044999999999999984,-0.15599999999999997,0.014000000000000012,0.007000000000000006,0.06000000000000005,0.039999999999999925,0.010000000000000009
8,4,0.00029999999999996696,-0.00589713797569269,-3.5947323644092144e-05,-0.0006631716408225241,0.000300000000000189,-0.013000000000000012,0.007000000000000006,0.018000000000000016,0.022999999999999965,-0.007000000000000006,-0.04899999999999999,0.0030000000000000027,-0.06099999999999994,0.07299999999999995,0.009000000000000008
8,2,0.006099999999999994,-0.029599052572250484,0.003860764332948241,-0.002344156303164424,0.006100000000000105,0.11099999999999993,0.038000000000000034,-0.03899999999999998,-0.03200000000000003,-0.006000000000000005,0.02400000000000002,0.08299999999999996,0.05400000000000005,-0.04800000000000004,-0.124
8,1,-9.999999999998899e-05,-0.006322987508773803,0.0026604888090534518,0.0015249171360510738,-9.999999999998899e-05,-0.09000000000000008,-0.013000000000000012,-0.01100000000000001,0.059,0.025000000000000022,-0.08600000000000002,0.02100000000000002,-0.007000000000000006,0.014000000000000012,0.08699999999999997
8,0,0.020299999999999985,-0.12678537216186525,0.031668656944243145,0.005514749785507367,0.020299999999999985,0.05699999999999994,-0.05399999999999994,0.008000000000000007,-0.05299999999999999,0.10400000000000001,0.137,-0.03600000000000003,-0.01200000000000001,-0.013000000000000012,0.065
9,3,-0.0011999999999999789,0.003179648160934523,-0.004584008233376791,-0.0051744431205076324,-0.0011999999999999789,-0.049000000000000044,0.05399999999999994,0.017000000000000015,-0.02699999999999997,-0.127,0.045999999999999985,-0.015000000000000013,0.09400000000000008,0.0050000000000000044,-0.010000000000000009
9,2,0.006900000000000017,-0.009408611631393393,0.004041950372163039,-0.0009921783651808402,0.006900000000000128,0.09999999999999998,0.07999999999999996,-0.016000000000000014,-0.012999999999999956,-0.0050000000000000044,0.014000000000000012,0.05699999999999994,0.038000000000000034,-0.06899999999999995,-0.11699999999999999
9,4,0.00550000000000006,-0.019732765817642273,0.00576038207549634,0.004190033582346819,0.005500000000000171,-0.013000000000000012,-0.026000000000000023,0.01899999999999996,0.050000000000000044,0.010000000000000009,-0.039000000000000035,0.009000000000000008,-0.03699999999999992,0.07600000000000007,0.006000000000000005
9,0,0.012800000000000034,-0.07957021794319163,0.023316007010544593,0.0003667736558038426,0.012800000000000145,0.0040000000000000036,-0.052000000000000046,0.009000000000000008,-0.04299999999999998,0.11000000000000001,0.118,-0.05300000000000005,-0.026999999999999913,-0.0129999999999999,0.07500000000000001
9,1,0.009400000000000075,-0.03243751459121702,0.01248899651993629,0.006523517184895633,0.009400000000000075,-0.07000000000000006,-0.027000000000000024,-0.025000000000000022,0.09700000000000003,0.061,-0.124,0.028000000000000025,-0.010999999999999899,0.05300000000000005,0.11200000000000004
10,1,0.0023000000000000798,-0.02071994709968572,0.004229379657009091,0.0017376234777084498,0.0022999999999997467,-0.08299999999999996,-0.04800000000000004,-0.008000000000000007,0.07100000000000001,0.01699999999999996,-0.09799999999999998,0.020000000000000018,0.0119999999999999,0.03499999999999992,0.10499999999999998
10,4,0.0039000000000000146,-0.04660596823692331,0.004170358568540422,-0.0018686431562773276,0.0038999999999997925,0.02200000000000002,0.01200000000000001,0.030000000000000027,0.01200000000000001,0.014000000000000012,-0.04999999999999999,0.0,-0.04500000000000004,0.05599999999999994,-0.01200000000000001
10,0,0.007000000000000006,-0.06460236272811892,0.015340983364434457,-0.005031866320265532,0.006999999999999895,0.02400000000000002,-0.051000000000000045,-0.017000000000000015,-0.03799999999999998,0.10799999999999998,0.08000000000000002,-0.04700000000000004,-0.019000000000000017,-0.028000000000000025,0.05799999999999994
10,2,0.007900000000000018,-0.014839451837539652,0.005382637122833378,-0.0019098531310501876,0.007899999999999907,0.11100000000000004,0.11099999999999999,-0.05299999999999999,-0.0030000000000000027,-0.031000000000000028,0.009000000000000008,0.050000000000000044,0.03599999999999992,-0.05900000000000005,-0.09200000000000008
10,3,-0.0031999999999999806,0.021718793058395303,-0.006889504863290319,-0.005256975604993608,-0.0032000000000000917,-0.05799999999999994,0.02300000000000002,0.02200000000000002,-0.033999999999999975,-0.128,0.03500000000000003,0.0020000000000000018,0.07399999999999995,0.013999999999999901,0.017999999999999905
11,3,0.0045000000000000595,-0.015863704919815147,0.003342852349199954,-0.0010229267802924769,0.0045000000000000595,-0.02300000000000002,-0.009000000000000008,0.013000000000000012,-0.0030000000000000027,-0.09900000000000003,0.044999999999999984,-0.014000000000000012,0.07599999999999996,0.02199999999999991,0.03700000000000003
11,0,0.012900000000000023,-0.0592841487646103,0.018272037375398953,0.005976004886102171,0.012900000000000023,0.02200000000000002,-0.052000000000000046,0.0010000000000000009,-0.04899999999999999,0.13,0.068,-0.03400000000000003,-0.016000000000000014,-0.0020000000000000018,0.061000000000000054
11,2,0.00990000000000002,-0.021171852278709435,0.006505693760976539,-0.00116402310449093,0.009899999999999909,0.11599999999999999,0.12,-0.07300000000000001,-0.02300000000000002,0.0010000000000000009,0.010999999999999954,0.07499999999999996,0.03299999999999992,-0.038000000000000034,-0.123
11,1,0.0016000000000000458,-0.011777479362487853,0.003746974614140086,0.0031173747474890767,0.0016000000000000458,-0.07300000000000006,-0.026000000000000023,0.009000000000000008,0.057999999999999996,0.020999999999999963,-0.07,0.0040000000000000036,-0.0010000000000000009,0.029999999999999916,0.06400000000000006
11,4,0.007299999999999973,-0.034280718135833776,0.0065355479120696724,0.0027455931361277663,0.007299999999999973,0.017000000000000015,0.0050000000000000044,0.02899999999999997,0.016000000000000014,-0.006000000000000005,-0.03700000000000003,0.02100000000000002,-0.04500000000000004,0.07599999999999996,-0.0029999999999998916
12,1,0.006199999999999983,-0.04709824385643002,0.009630650615331304,0.003702446517455993,0.006199999999999983,-0.050000000000000044,-0.04699999999999993,-0.007000000000000006,0.065,0.04500000000000004,-0.08200000000000002,0.01100000000000001,-0.0020000000000000018,0.025000000000000022,0.10399999999999998
12,3,-0.006599999999999939,0.024497334766387935,-0.011103922109268916,-0.011511061092232877,-0.00660000000000005,-0.050000000000000044,0.04200000000000004,0.02699999999999997,-0.03500000000000003,-0.119,0.014999999999999958,0.015000000000000013,0.07200000000000006,0.02400000000000002,-0.05700000000000005
12,2,0.0008000000000000229,-0.015496201300621015,-0.0015216400326849566,-0.004413147491672986,0.0007999999999999119,0.10199999999999998,0.05700000000000005,-0.046999999999999986,-0.028000000000000025,-0.02699999999999997,0.01699999999999996,0.050000000000000044,0.04700000000000004,-0.062000000000000055,-0.10099999999999998
12,0,0.012199999999999989,-0.10796477899551404,0.019014093475925087,0.002991101618993075,0.012199999999999989,0.014000000000000012,-0.06599999999999995,0.0030000000000000027,-0.04099999999999998,0.131,0.061,-0.026000000000000023,-0.008999999999999897,-0.019000000000000017,0.07400000000000001
12,4,0.005400000000000071,-0.019698740291595573,0.006028801034741793,0.0036430689181053966,0.005399999999999849,-0.029000000000000026,0.007000000000000006,0.04799999999999999,0.030999999999999972,0.019000000000000017,-0.05400000000000005,0.0010000000000000009,-0.038999999999999924,0.06299999999999994,0.007000000000000006
13,3,0.0019000000000000128,0.02869886016845702,-0.0016864762580214299,-0.0010606113002029627,0.0019000000000000128,-0.025000000000000022,0.05500000000000005,0.007999999999999952,-0.02300000000000002,-0.09000000000000002,0.006000000000000005,0.010000000000000009,0.07800000000000007,-0.0030000000000000027,0.0030000000000000027
13,1,0.0034000000000000696,-0.012119799780845542,0.004461238236417309,0.005966750645143182,0.0033999999999999586,-0.05700000000000005,-0.028000000000000025,-0.0050000000000000044,0.05499999999999999,0.044999999999999984,-0.09300000000000003,0.03700000000000003,-0.01100000000000001,0.028000000000000025,0.06300000000000006
13,0,0.01430000000000009,-0.12041092216968541,0.022566541923918826,0.002425748721547216,0.01429999999999998,0.02499999999999991,-0.061999999999999944,0.03199999999999997,-0.02200000000000002,0.08899999999999997,0.09899999999999998,-0.041000000000000036,-0.02400000000000002,-0.02200000000000002,0.06900000000000006
13,4,-0.0005999999999999339,0.0030746026754380207,-0.0008261415806392058,-0.0006521066352663807,-0.0005999999999999339,-0.030000000000000027,0.020000000000000018,0.034999999999999976,-0.0020000000000000018,0.007000000000000006,-0.014000000000000012,-0.0020000000000000018,-0.05399999999999994,0.07099999999999995,-0.03699999999999992
13,2,0.010700000000000043,-0.052958824849128616,0.008484916818531252,-0.0005327116712109392,0.010700000000000154,0.10099999999999998,0.07200000000000006,-0.05700000000000005,0.0050000000000000044,-0.014000000000000012,0.030999999999999972,0.061000000000000054,0.050000000000000044,-0.04400000000000004,-0.09799999999999998
14,1,0.008299999999999974,-0.07012046232223512,0.01356503151024624,0.005150847228723721,0.008299999999999974,-0.05500000000000005,-0.04299999999999993,-0.008000000000000007,0.08000000000000002,0.065,-0.07,0.0020000000000000018,-0.0050000000000000044,0.019999999999999907,0.09699999999999998
14,2,0.005699999999999927,-0.02600279018878937,0.003058390989899129,-0.0016792169409907132,0.005700000000000038,0.125,0.07900000000000007,-0.03500000000000003,0.0050000000000000044,-0.027000000000000024,-0.007000000000000006,0.06899999999999995,0.03299999999999992,-0.05800000000000005,-0.127
14,3,-0.0007000000000000339,0.002268894147872791,-0.0011774557735768632,0.0005956058868274994,-0.0006999999999999229,-0.031000000000000028,-0.007000000000000006,0.04199999999999998,0.0030000000000000027,-0.11399999999999999,0.027000000000000024,-0.019000000000000017,0.04899999999999993,0.018999999999999906,0.02399999999999991
14,4,0.00029999999999996696,-0.0003886652708053884,-0.00042328648445000283,-0.0033888819713833174,0.00029999999999996696,-0.020000000000000018,0.029000000000000026,0.044999999999999984,-0.0050000000000000044,-0.019000000000000017,-0.02699999999999997,-0.0050000000000000044,-0.04800000000000004,0.08699999999999997,-0.03400000000000003
14,0,0.008099999999999996,-0.051999787068367054,0.011392970354952014,0.0005976971808223652,0.008099999999999996,0.015000000000000013,-0.02200000000000002,0.0010000000000000009,-0.08700000000000002,0.09399999999999997,0.09500000000000003,-0.02400000000000002,-0.01200000000000001,-0.01200000000000001,0.03299999999999992
15,3,0.0047000000000000375,-0.01655999271869657,0.004008219869868879,-0.0026386810490515167,0.0046999999999999265,-0.03700000000000003,-0.009000000000000008,0.033999999999999975,-0.029000000000000026,-0.08499999999999996,0.05199999999999999,-0.008000000000000007,0.08700000000000008,0.006000000000000005,0.03599999999999992
15,1,0.0044000000000000705,-0.018366874146461543,0.007130667673668767,0.0069544775586020124,0.0043999999999999595,-0.06400000000000006,-0.03500000000000003,-0.009000000000000008,0.07499999999999996,0.05299999999999999,-0.08600000000000002,-0.0020000000000000018,-0.007000000000000006,0.02400000000000002,0.09499999999999997
15,0,0.007500000000000062,-0.06781241679191585,0.014300727007297898,0.0017573354417309561,0.007499999999999951,0.0050000000000000044,-0.07100000000000006,-0.0030000000000000027,-0.014000000000000012,0.09400000000000003,0.08600000000000002,-0.03500000000000003,-0.017000000000000015,-0.008000000000000007,0.03799999999999992
15,2,0.010300000000000087,-0.03213159556388856,0.007630021371070161,0.0002147853349281359,0.010299999999999976,0.11599999999999999,0.08599999999999997,-0.038000000000000034,-0.007000000000000006,0.0050000000000000044,-0.014000000000000012,0.06999999999999995,0.040000000000000036,-0.04500000000000004,-0.1100000000000001
15,4,0.0022000000000000908,-0.018201289796829334,0.00019549126264672978,-0.0028560838904186925,0.0021999999999998687,0.017000000000000015,0.029999999999999916,0.02799999999999997,0.0050000000000000044,-0.0040000000000000036,-0.05499999999999999,0.016000000000000014,-0.04399999999999993,0.06999999999999995,-0.041000000000000036
16,1,0.005099999999999993,-0.05001826424598699,0.007651916159684302,0.002208646636883027,0.005099999999999882,-0.07099999999999995,-0.016000000000000014,0.014999999999999958,0.08000000000000002,0.010000000000000009,-0.10499999999999998,0.029999999999999916,-0.0019999999999998908,0.018000000000000016,0.09199999999999997
16,4,0.008000000000000007,-0.016960075950622544,0.007197239159944413,0.0029830145965744626,0.007999999999999896,0.008000000000000007,0.019000000000000017,0.022999999999999965,-0.0030000000000000027,-0.01200000000000001,-0.0040000000000000036,0.0129999999999999,-0.04599999999999993,0.05700000000000005,0.02499999999999991
16,3,0.0033999999999999586,-0.002064425253868185,0.0005070640024386064,-0.001640473547213639,0.0033999999999998476,-0.05600000000000005,0.01100000000000001,0.020999999999999963,-0.043999999999999984,-0.09000000000000002,0.020999999999999963,0.030999999999999917,0.05500000000000005,0.04300000000000004,0.041999999999999926
16,2,0.00990000000000002,-0.01712524816989891,0.006028644692564589,0.0012810564108621803,0.009899999999999798,0.09299999999999997,0.08799999999999997,-0.039000000000000035,-0.009000000000000008,-0.03600000000000003,0.013000000000000012,0.038999999999999924,0.06300000000000006,-0.040999999999999925,-0.07200000000000006
16,0,0.009099999999999997,-0.07128289704322821,0.01591156954087536,0.005460171871841224,0.009099999999999886,0.018000000000000016,-0.020000000000000018,0.002999999999999947,0.0,0.10899999999999999,0.08099999999999996,-0.05300000000000005,-0.03199999999999992,-0.0039999999999998925,-0.01100000000000001
17,1,0.00770000000000004,-0.0397380237102507,0.011446819778717532,0.006698138787764041,0.00770000000000004,-0.06699999999999995,-0.029000000000000026,0.010000000000000009,0.065,0.03999999999999998,-0.05700000000000005,0.01100000000000001,0.0020000000000000018,0.031000000000000028,0.07100000000000001
17,2,0.00029999999999996696,0.0013371969699860209,-0.002347927327185584,-0.0026680378025527585,0.000300000000000078,0.08899999999999997,0.04400000000000004,-0.024999999999999967,-0.022999999999999965,-0.03799999999999998,0.008000000000000007,0.041000000000000036,0.025000000000000022,-0.04600000000000004,-0.07199999999999995
17,3,-0.0030000000000000027,0.022488160276413094,-0.0060664838613286864,-0.0031327306711692593,-0.0029999999999998916,-0.03700000000000003,0.026000000000000023,0.0,-0.0040000000000000036,-0.08400000000000002,-0.016000000000000014,0.03200000000000003,0.015000000000000013,0.052999999999999936,-0.015000000000000013
17,0,0.012399999999999967,-0.11812085723876953,0.01922319582978682,0.00044849172555294636,0.012399999999999967,0.031000000000000028,-0.04700000000000004,-0.020999999999999963,-0.07199999999999995,0.08300000000000002,0.187,-0.05800000000000005,-0.0040000000000000036,-0.028000000000000025,0.05300000000000005
17,4,0.0020000000000000018,0.0026043850421906267,0.0017219107183827909,0.00035381631773345745,0.002000000000000113,-0.017000000000000015,0.029000000000000026,0.028000000000000025,-0.0020000000000000018,0.010000000000000009,-0.027000000000000024,0.0030000000000000027,-0.03499999999999992,0.05899999999999994,-0.028000000000000025
18,1,0.009399999999999964,-0.036850466394424464,0.013092110327106998,0.0093949149628475,0.009399999999999853,-0.05899999999999994,-0.03600000000000003,-0.0020000000000000018,0.09400000000000003,0.03600000000000003,-0.061000000000000054,0.007000000000000006,-0.0010000000000000009,0.02100000000000002,0.09500000000000003
18,3,0.009299999999999975,-0.009623103070259154,0.006943840585724725,0.004020422245512578,0.009299999999999975,-0.04600000000000004,0.014000000000000012,0.02200000000000002,-0.04299999999999998,-0.07,0.022999999999999965,0.019000000000000017,0.08400000000000007,0.038999999999999924,0.051000000000000045
18,2,0.011199999999999988,-0.010620785903930674,0.00937014313253448,0.005201031988067539,0.011200000000000099,0.139,0.06000000000000005,-0.046999999999999986,0.0010000000000000009,-0.017000000000000015,0.009000000000000008,0.029000000000000026,0.07100000000000006,-0.049000000000000044,-0.08399999999999996
18,0,0.01429999999999998,-0.0721940422058105,0.019021443865566368,0.01138417999733754,0.01429999999999998,0.017000000000000015,-0.01100000000000001,0.03400000000000003,-0.02899999999999997,0.08100000000000002,0.10599999999999998,-0.0040000000000000036,-0.06699999999999995,-0.0020000000000000018,0.018000000000000016
18,4,0.006700000000000039,-0.022622061824798534,0.007661570984306421,0.004801002264209098,0.006699999999999928,-0.007000000000000006,0.030000000000000027,0.02100000000000002,0.046999999999999986,0.02400000000000002,-0.018000000000000016,-0.007000000000000006,-0.040999999999999925,0.05699999999999994,-0.038999999999999924
19,4,-0.0011999999999999789,0.008006263804435587,-0.0018693981255403225,-0.0005193708135708963,-0.0012000000000000899,-0.05300000000000005,0.04200000000000004,-0.006000000000000005,0.06,-0.027000000000000024,-0.028000000000000025,0.0040000000000000036,-0.027000000000000024,0.05899999999999994,-0.03599999999999992
19,3,0.0049000000000000155,-0.006166276502609369,0.00397708581955436,0.0003181501489210037,0.004899999999999904,-0.018000000000000016,-0.018000000000000016,0.030999999999999972,-0.02999999999999997,-0.09300000000000003,0.03899999999999998,0.0,0.052999999999999936,0.016000000000000014,0.06900000000000006
19,1,0.006900000000000017,-0.05453370110988631,0.010296406233194166,0.003801798559919023,0.006899999999999906,-0.04800000000000004,-0.02100000000000002,0.02899999999999997,0.056999999999999995,0.07100000000000001,-0.07899999999999996,-0.01100000000000001,-0.01100000000000001,0.01100000000000001,0.07100000000000006
19,2,0.008199999999999985,-0.019226204347610576,0.005690813333219413,-0.00039587721752454286,0.008199999999999874,0.125,0.05700000000000005,-0.039000000000000035,-0.022999999999999965,-0.03899999999999998,0.024999999999999967,0.06399999999999995,0.04399999999999993,-0.05600000000000005,-0.07599999999999996
19,0,0.01100000000000001,-0.09568477417230614,0.016067629912639547,0.00422649001492581,0.01100000000000001,0.025000000000000022,-0.039000000000000035,0.006999999999999951,-0.03899999999999998,0.11099999999999999,0.09699999999999998,-0.040000000000000036,-0.02300000000000002,-0.02300000000000002,0.03400000000000003
20,1,0.0043999999999999595,-0.022530398130416796,0.0065182125660531165,0.004166956219585405,0.0044000000000001815,-0.04700000000000004,-0.018000000000000016,-0.0050000000000000044,0.064,0.03400000000000003,-0.06900000000000006,0.009000000000000008,-0.0020000000000000018,0.013000000000000012,0.06500000000000006
20,4,-0.0009000000000000119,-0.0019562225818634538,-0.002989816417093838,-0.002452113314429627,-0.0008999999999997899,-0.013000000000000012,0.03499999999999992,0.019999999999999962,-0.020000000000000018,-0.04799999999999999,-0.0020000000000000018,0.03400000000000003,-0.05300000000000005,0.06699999999999995,-0.028999999999999915
20,0,0.007499999999999951,-0.08645271563529966,0.012215308971261218,0.001200069078649002,0.007500000000000173,0.014999999999999902,-0.051000000000000045,-0.015000000000000013,-0.050000000000000044,0.127,0.09599999999999997,-0.027000000000000024,-0.039000000000000035,-0.014000000000000012,0.03300000000000003
20,3,0.0028000000000000247,-0.0163807926177979,0.001861741248583182,-0.0008469739728818038,0.0028000000000001357,-0.026000000000000023,-0.014000000000000012,0.03799999999999998,-0.030000000000000027,-0.10500000000000004,0.044999999999999984,0.016000000000000014,0.051000000000000045,0.020000000000000018,0.03300000000000003
20,2,0.008900000000000019,-0.052627980947494546,0.008607088632547,-0.003159419609116143,0.00890000000000013,0.14299999999999996,0.07199999999999995,-0.019000000000000017,0.01599999999999996,-0.046999999999999986,-0.016000000000000014,0.03400000000000003,0.04500000000000004,-0.039000000000000035,-0.09999999999999998
21,1,0.0033999999999999586,-0.025737458944320668,0.005748726653467373,0.0032536382791062968,0.0034000000000000696,-0.06600000000000006,-0.01100000000000001,-0.01799999999999996,0.065,0.064,-0.061000000000000054,0.01100000000000001,-0.009000000000000008,0.006000000000000005,0.052999999999999936
21,0,0.010099999999999998,-0.0867355556964875,0.014135674615082694,0.005037588546935368,0.010099999999999998,0.02100000000000002,-0.06000000000000005,0.0050000000000000044,-0.03400000000000003,0.08100000000000002,0.09599999999999997,-0.029000000000000026,-0.02100000000000002,-0.015000000000000013,0.05699999999999994
21,4,0.0039000000000000146,-0.003081114315986788,0.0037510942076776077,0.0015653709924021708,0.0039000000000000146,-0.040000000000000036,0.02300000000000002,0.031000000000000028,0.012999999999999956,-0.0030000000000000027,-0.02100000000000002,0.0010000000000000009,-0.04399999999999993,0.09599999999999997,-0.017000000000000015
21,2,0.009099999999999997,-0.03925316605567941,0.0074500408455075995,0.00013067993526194588,0.009099999999999997,0.11299999999999999,0.05499999999999994,-0.04299999999999998,0.008999999999999952,-0.02899999999999997,-0.0040000000000000036,0.03700000000000003,0.06500000000000006,-0.039000000000000035,-0.07300000000000006
21,3,0.0017000000000000348,-0.014922790765762306,-0.0004140087792933178,-0.0029659493372682366,0.0017000000000000348,-0.03500000000000003,0.019000000000000017,0.020000000000000018,-0.04400000000000004,-0.07800000000000001,0.03999999999999998,0.01200000000000001,0.04700000000000004,0.0,0.03599999999999992
22,3,0.0033999999999999586,-0.021874518537521537,0.002526234861286114,-0.0009161001396539303,0.0033999999999999586,-0.06300000000000006,-0.02100000000000002,0.01799999999999996,-0.03199999999999997,-0.08000000000000002,0.039000000000000035,0.009000000000000008,0.07200000000000006,0.03699999999999992,0.05499999999999994
22,2,0.009499999999999953,-0.04729085183143633,0.009673370194579589,-0.0008891330882148107,0.009499999999999953,0.13999999999999996,0.06099999999999994,-0.052000000000000046,0.03400000000000003,-0.010000000000000009,0.02100000000000002,0.020000000000000018,0.03700000000000003,-0.051000000000000045,-0.1050000000000001
22,1,0.008199999999999985,-0.024146263313293614,0.009217811429171663,0.0056545335875762825,0.008199999999999985,-0.05500000000000005,-0.03500000000000003,-0.026000000000000023,0.04600000000000004,0.04799999999999999,-0.044999999999999984,0.02400000000000002,-0.01100000000000001,0.04599999999999993,0.08999999999999997
22,0,0.012299999999999978,-0.09539131860733052,0.016749531473023826,0.007728986813017813,0.012299999999999978,0.018000000000000016,-0.051000000000000045,0.02999999999999997,-0.03699999999999998,0.05399999999999999,0.118,-0.02400000000000002,-0.02399999999999991,-0.0020000000000000018,0.040999999999999925
22,4,0.0048000000000000265,-0.0076809258460999175,0.005454188921834802,0.00210386438086807,0.0048000000000000265,0.0030000000000000027,0.07599999999999996,0.04299999999999998,0.028000000000000025,0.014000000000000012,-0.016000000000000014,-0.025000000000000022,-0.051999999999999935,0.03199999999999992,-0.05500000000000005
23,0,0.011300000000000088,-0.09047420291900621,0.014638182410899647,0.006729217919306363,0.011300000000000199,0.01200000000000001,-0.025000000000000022,-0.0020000000000000018,-0.059,0.064,0.13,-0.02100000000000002,0.007000000000000006,-0.04299999999999993,0.050000000000000044
23,3,0.0035000000000000586,-0.007310596227645849,0.003983455952345394,0.0016489438738458428,0.0035000000000001696,-0.06399999999999995,0.01100000000000001,0.059,0.02100000000000002,-0.13099999999999995,0.04300000000000004,0.025000000000000022,0.03700000000000003,0.028000000000000025,0.006000000000000005
23,2,0.0047000000000000375,-0.011418028116226164,0.0016198194008799627,-0.0024170764817352808,0.0047000000000001485,0.11299999999999999,0.08200000000000007,-0.033999999999999975,-0.0030000000000000027,-0.035999999999999976,-0.0030000000000000027,0.04300000000000004,0.05800000000000005,-0.07199999999999995,-0.10099999999999998
23,4,0.007200000000000095,-0.03662283258438093,0.006731047673521617,0.0020858129414804694,0.007200000000000206,-0.006000000000000005,0.031000000000000028,-0.016000000000000014,0.03600000000000003,0.04999999999999999,-0.04899999999999993,-0.01200000000000001,-0.03199999999999992,0.06600000000000006,0.0040000000000000036
23,1,0.007300000000000084,-0.030308078360557378,0.008776134487896381,0.003970588432476996,0.007300000000000195,-0.052000000000000046,-0.017000000000000015,0.025000000000000022,0.019000000000000017,0.04199999999999998,-0.05599999999999994,0.028000000000000025,0.007000000000000006,0.020000000000000018,0.05700000000000005
24,3,-0.0027000000000000357,-0.020852433824539274,-0.003952731770187845,-0.006724068601821065,-0.0026999999999999247,-0.030000000000000027,-0.029999999999999916,-0.013999999999999957,-0.0040000000000000036,-0.10799999999999993,0.01100000000000001,0.014000000000000012,0.05700000000000005,0.028000000000000025,0.04899999999999993
24,2,0.0045000000000000595,-0.026362646400928558,0.0038986662650132287,-0.0027043793502802282,0.0045000000000001705,0.10699999999999998,0.05700000000000005,-0.00599999999999995,-0.019000000000000017,-0.021999999999999964,-0.0020000000000000018,0.04799999999999993,0.026000000000000023,-0.05600000000000005,-0.08800000000000008
24,4,0.005600000000000049,-0.031746150660515005,0.004709791960052723,0.0003221037930587478,0.00560000000000016,0.006000000000000005,0.049000000000000044,0.052000000000000046,-0.03200000000000003,-0.02699999999999997,0.0040000000000000036,0.02300000000000002,-0.04399999999999993,0.041999999999999926,-0.017000000000000015
24,0,0.009000000000000008,-0.08787223112583176,0.013139845181361687,0.0016502756272706032,0.009000000000000119,0.007000000000000006,-0.04799999999999993,-0.012999999999999956,-0.025000000000000022,0.10100000000000003,0.08100000000000002,-0.027000000000000024,-0.010000000000000009,-0.02400000000000002,0.04799999999999993
24,1,0.0009000000000000119,-0.006019948005676401,0.0016823694657450705,0.002972333628760593,0.0009000000000001229,-0.08199999999999996,-0.005999999999999894,0.0030000000000000027,0.04899999999999999,0.019000000000000017,-0.07800000000000001,0.018000000000000016,-0.010000000000000009,0.04399999999999993,0.051999999999999935
25,0,0.01090000000000002,-0.08012190173864364,0.014578163015901202,0.005422395730387053,0.01089999999999991,-0.006000000000000005,-0.04399999999999993,-0.013000000000000012,-0.04600000000000004,0.09299999999999997,0.13,-0.04400000000000004,0.008000000000000007,-0.0050000000000000044,0.03600000000000003
25,3,0.000200000000000089,-0.021566401243209965,0.0006986707434707418,-0.004412991888228079,0.00019999999999986695,-0.030000000000000027,-0.017999999999999905,0.063,0.009999999999999953,-0.14700000000000002,0.044999999999999984,0.010000000000000009,0.04300000000000004,0.0,0.026000000000000023
25,4,0.0045000000000000595,-0.019502981066703784,0.0036933992002876614,0.001256373187448312,0.0044999999999999485,-0.014000000000000012,0.025000000000000022,0.044999999999999984,0.03699999999999998,-0.008000000000000007,-0.07,0.014000000000000012,-0.025999999999999912,0.04300000000000004,-0.0010000000000000009
25,1,0.0047000000000000375,-0.005301411485671981,0.006310162640826067,0.0073480797750747895,0.0046999999999999265,-0.07000000000000006,-0.010999999999999899,0.031000000000000028,0.07699999999999996,0.024999999999999967,-0.07400000000000001,0.0010000000000000009,-0.006999999999999895,0.02200000000000002,0.052999999999999936
25,2,0.006400000000000072,-0.03622902512550352,0.0049996788221069455,-0.0021328136989866575,0.006399999999999961,0.09999999999999998,0.040000000000000036,-0.07600000000000001,0.0,0.022999999999999965,0.0010000000000000009,0.05999999999999994,0.03200000000000003,-0.049000000000000044,-0.06700000000000006
26,4,0.00029999999999996696,0.016122604441642707,-0.00231032566479783,-0.0026164328703591755,0.000300000000000078,-0.0010000000000000009,0.052999999999999936,0.03200000000000003,0.0030000000000000027,-0.028000000000000025,-0.062,0.010000000000000009,-0.03400000000000003,0.05700000000000005,-0.026999999999999913
26,0,0.014399999999999968,-0.12590124986171736,0.020836882126094358,0.008592563024812372,0.014399999999999968,0.015000000000000013,-0.06000000000000005,-0.01899999999999996,-0.010999999999999954,0.13799999999999996,0.09599999999999997,-0.04200000000000004,-0.029000000000000026,-0.014000000000000012,0.07000000000000006
26,2,0.0050000000000000044,-0.03778205630779263,0.004631958456247975,-0.0009032090797519432,0.0050000000000000044,0.135,0.06699999999999995,-0.02899999999999997,0.01100000000000001,0.0040000000000000036,-0.017000000000000015,0.010000000000000009,0.02300000000000002,-0.040000000000000036,-0.11399999999999999
26,1,0.0029000000000000137,-0.030747486209869557,0.005305345343250001,0.004146451259407047,0.0028999999999999027,-0.07399999999999995,-0.04400000000000004,0.008000000000000007,0.029000000000000026,0.02999999999999997,-0.04200000000000004,0.020000000000000018,-0.009000000000000008,0.01100000000000001,0.10000000000000003
26,3,0.0021999999999999797,-0.019251520729065108,0.0021639250777375496,-0.0029296285300438596,0.0021999999999999797,-0.03700000000000003,-0.01100000000000001,0.030000000000000027,-0.013999999999999957,-0.09899999999999998,0.05399999999999999,-0.01100000000000001,0.07000000000000006,0.025000000000000022,0.015000000000000013
27,3,0.0050000000000000044,-0.013616195392608832,0.004703400435657534,0.0034173205202221446,0.0050000000000000044,-0.04700000000000004,-0.02400000000000002,0.01200000000000001,0.01899999999999996,-0.08000000000000002,0.01100000000000001,0.017000000000000015,0.06400000000000006,0.02400000000000002,0.05399999999999994
27,4,-0.000500000000000056,0.012646113061904884,-0.002408599566533276,-0.002053494396185962,-0.0004999999999999449,0.0010000000000000009,0.04500000000000004,0.018999999999999906,0.0030000000000000027,-0.027000000000000024,-0.027000000000000024,0.0030000000000000027,-0.03400000000000003,0.04499999999999993,-0.03300000000000003
27,2,0.011499999999999955,-0.10244080898165708,0.008609272422835379,-0.010430220140405733,0.011499999999999955,0.11399999999999999,0.08999999999999997,-0.08200000000000007,-0.0030000000000000027,0.002999999999999947,0.019000000000000017,0.04499999999999993,0.08699999999999997,-0.04200000000000004,-0.11599999999999999
27,1,-0.0016000000000000458,-0.02077524015903487,0.0013046808888893535,0.0031627563057504693,-0.0016000000000000458,-0.07900000000000007,-0.030000000000000027,0.051999999999999935,0.03199999999999997,0.014999999999999958,-0.08400000000000002,0.01200000000000001,-0.04300000000000004,0.017000000000000015,0.09199999999999997
27,0,0.007399999999999962,-0.12001917219161995,0.012570252448175334,-0.0009015804141841999,0.007399999999999962,0.006000000000000005,-0.041000000000000036,-0.038000000000000034,-0.028000000000000025,0.11299999999999999,0.08000000000000002,-0.02200000000000002,-0.016000000000000014,0.0010000000000000009,0.018999999999999906
28,3,-0.0016999999999999238,-0.005247783613204771,-0.0013778066779758236,-0.004246148571392272,-0.0017000000000000348,-0.05900000000000005,-0.015000000000000013,0.043999999999999984,-0.009000000000000008,-0.12499999999999994,0.022999999999999965,0.0020000000000000018,0.04999999999999993,0.030999999999999917,0.041000000000000036
28,4,0.0027000000000000357,-0.020662783002853402,0.0004523098963912231,-0.002664413043610425,0.0027000000000000357,0.007000000000000006,0.04700000000000004,0.01100000000000001,-0.009000000000000008,-0.014000000000000012,-0.020000000000000018,0.02200000000000002,-0.02200000000000002,0.05899999999999994,-0.05399999999999994
28,1,0.0048000000000000265,-0.04870107450485195,0.00746358972396477,0.0023724587510751682,0.0047999999999999154,-0.06500000000000006,-0.02400000000000002,-0.01200000000000001,0.057999999999999996,0.04999999999999999,-0.07500000000000007,0.016000000000000014,-0.015000000000000013,0.02299999999999991,0.09200000000000003
28,0,0.009600000000000053,-0.09944708373546574,0.013538283356716363,0.004060496745736497,0.009599999999999942,0.018000000000000016,-0.03300000000000003,-0.013000000000000012,-0.04200000000000004,0.09599999999999997,0.08499999999999996,-0.026000000000000023,-0.020000000000000018,-0.013000000000000012,0.04400000000000004
28,2,0.0020000000000000018,0.015154958105087601,-6.508870533195044e-05,-0.002457610360170004,0.0019999999999998908,0.08299999999999996,0.06399999999999995,-0.025000000000000022,-0.017000000000000015,-0.013000000000000012,-0.0030000000000000027,0.027000000000000024,0.03499999999999992,-0.041000000000000036,-0.08999999999999997
29,2,0.00539999999999996,-0.022526301002502302,0.0038459539424384737,-0.001641672920726145,0.005400000000000071,0.119,0.04599999999999993,-0.03799999999999998,-0.006000000000000005,-0.0020000000000000018,0.016000000000000014,0.026000000000000023,0.061000000000000054,-0.06799999999999995,-0.10000000000000009
29,4,0.005199999999999982,-0.04480847692489642,0.004758635144147982,0.0008084781232442495,0.005199999999999982,0.0,0.02399999999999991,0.025000000000000022,0.01899999999999996,0.013000000000000012,-0.030999999999999972,-0.020000000000000018,-0.02299999999999991,0.05300000000000005,-0.008000000000000007
29,0,0.005600000000000049,-0.07549091701507593,0.010002103681616137,0.00459733202450896,0.005600000000000049,0.017000000000000015,-0.04400000000000004,-0.01699999999999996,0.02799999999999997,0.10500000000000004,0.039000000000000035,-0.04600000000000004,-0.015999999999999903,-0.041999999999999926,0.03199999999999992
29,1,0.006900000000000017,-0.024452251863479768,0.006337257913332728,0.0015970820316836276,0.006900000000000017,-0.07299999999999995,-0.007000000000000006,-0.006999999999999951,0.034999999999999976,0.03500000000000003,-0.07300000000000001,0.061999999999999944,-0.005999999999999894,0.051000000000000045,0.051999999999999935
29,3,0.0050000000000000044,-0.027565372276306066,0.005481260453463976,0.0015855041238606038,0.0050000000000000044,-0.04899999999999993,-0.013000000000000012,0.015000000000000013,0.01699999999999996,-0.07400000000000001,0.065,-0.015000000000000013,0.04200000000000004,0.03400000000000003,0.027999999999999914
30,1,0.010000000000000009,-0.0656195097684864,0.01302906846851537,0.00719701424177932,0.010000000000000231,-0.04999999999999993,-0.04200000000000004,-0.007000000000000006,0.08699999999999997,0.05499999999999999,-0.08199999999999996,0.009000000000000008,-0.0010000000000000009,0.03699999999999992,0.09399999999999997
30,4,0.008300000000000085,-0.030707020592689815,0.007681739706478119,0.003872237468665274,0.008300000000000085,0.02200000000000002,0.03599999999999992,0.07699999999999996,0.013999999999999957,-0.028000000000000025,-0.027000000000000024,0.0030000000000000027,-0.04299999999999993,0.04799999999999993,-0.019000000000000017
30,2,0.0045000000000000595,-0.020244933032989465,0.001925009933141042,-0.0038054224466116393,0.0045000000000001705,0.10299999999999998,0.07299999999999995,-0.017000000000000015,-0.039000000000000035,-0.04600000000000004,-0.010000000000000009,0.06299999999999994,0.05900000000000005,-0.05800000000000005,-0.08299999999999996
30,0,0.008400000000000074,-0.09030326323509241,0.01253389546633954,0.006168032060788642,0.008400000000000074,0.013000000000000012,-0.026000000000000023,-0.026000000000000023,-0.019000000000000017,0.09199999999999997,0.09499999999999997,-0.03400000000000003,-0.02199999999999991,0.0,0.01100000000000001
30,3,0.0017000000000000348,-0.009454585695266804,0.0011216731698632243,0.00120917790553976,0.0017000000000002569,-0.03699999999999992,-0.018000000000000016,0.013999999999999957,-0.008000000000000007,-0.09700000000000003,0.03199999999999997,0.009000000000000008,0.04200000000000004,0.019999999999999907,0.05999999999999994
31,2,0.007099999999999995,-0.022193060994148084,0.005772366414925401,-0.00044247731697788506,0.007099999999999995,0.09099999999999997,0.08399999999999996,-0.07700000000000007,0.016000000000000014,-0.01100000000000001,0.033999999999999975,0.04300000000000004,0.052000000000000046,-0.06699999999999995,-0.09399999999999997
31,4,0.006000000000000005,-0.04068466277122518,0.005428870499118332,0.0008978555257082022,0.006000000000000116,0.0010000000000000009,0.02300000000000002,0.07199999999999995,-0.0050000000000000044,0.0040000000000000036,-0.064,0.009000000000000008,-0.040999999999999925,0.06500000000000006,-0.0040000000000000036
31,3,0.00539999999999996,0.0007453749179839875,0.0048883739137228766,0.004103477666429822,0.005400000000000071,-0.05800000000000005,-0.020000000000000018,0.03799999999999998,0.01200000000000001,-0.055999999999999994,0.01200000000000001,0.0030000000000000027,0.05500000000000005,0.02300000000000002,0.04500000000000004
31,1,0.0044999999999999485,-0.020086830997466887,0.006929121574500208,0.006196238377988772,0.0045000000000000595,-0.05700000000000005,-0.03300000000000003,0.008999999999999952,0.067,0.05099999999999999,-0.08100000000000002,0.006000000000000005,-0.016999999999999904,0.03700000000000003,0.06299999999999994
31,0,0.012399999999999967,-0.09395134510993941,0.016520147242837346,0.005856294964712516,0.012400000000000078,0.025000000000000022,-0.04200000000000004,0.010999999999999954,-0.02200000000000002,0.09799999999999998,0.061,-0.038000000000000034,-0.008000000000000007,-0.0020000000000000018,0.041000000000000036
32,2,0.0023999999999999577,0.030151947402953905,-0.0005987008216734591,-0.0025335298496315106,0.0023999999999998467,0.08799999999999997,0.06399999999999995,-0.026000000000000023,-0.05499999999999999,-0.009000000000000008,-0.034999999999999976,0.06300000000000006,0.03400000000000003,-0.051000000000000045,-0.049000000000000044
32,1,0.008000000000000007,-0.06507213344574003,0.012499965805983781,0.0037651430109852946,0.007999999999999785,-0.07799999999999996,-0.03400000000000003,-0.016000000000000014,0.063,0.10999999999999999,-0.07500000000000001,0.014000000000000012,-0.019000000000000017,0.03300000000000003,0.08199999999999996
32,4,0.004899999999999904,-0.017410944509506532,0.004819425459458682,0.004118792400695459,0.004899999999999793,0.017000000000000015,0.031000000000000028,0.059,0.02100000000000002,-0.02200000000000002,-0.02799999999999997,-0.010000000000000009,-0.03699999999999992,0.04699999999999993,-0.029000000000000026
32,0,0.013399999999999967,-0.15640153980255134,0.018500228175041267,0.0014296775880577872,0.013399999999999856,0.015000000000000013,-0.02400000000000002,-0.038999999999999924,0.01200000000000001,0.11299999999999999,0.11499999999999999,-0.04799999999999993,-0.01100000000000001,-0.0010000000000000009,0.0020000000000000018
32,3,0.005899999999999905,-0.010893315124512082,0.004656745402012996,0.002534869679222118,0.005899999999999794,-0.02400000000000002,-0.01200000000000001,0.02400000000000002,-0.007000000000000006,-0.10400000000000004,0.028000000000000025,0.015000000000000013,0.08400000000000007,-0.0040000000000000036,0.05899999999999994
33,1,0.0038000000000000256,-0.022152912092209043,0.004013850766476645,0.0028013587415961494,0.0038000000000000256,-0.052999999999999936,-0.019000000000000017,-0.044999999999999984,0.05299999999999999,0.05299999999999999,-0.066,0.039999999999999925,-0.014000000000000012,0.019000000000000017,0.06999999999999995
33,4,0.00550000000000006,-0.012101783108711572,0.004661866412463578,-2.0579688062127843e-05,0.00550000000000006,0.013000000000000012,0.03300000000000003,0.05299999999999999,-0.0010000000000000009,-0.02100000000000002,-0.017000000000000015,0.0020000000000000018,-0.03399999999999992,0.06399999999999995,-0.03700000000000003
33,0,0.010000000000000009,-0.11097051773071298,0.015298632917032373,0.00808222105017653,0.010000000000000009,0.019000000000000017,-0.052000000000000046,-0.014000000000000012,-0.006000000000000005,0.09499999999999997,0.118,-0.038000000000000034,-0.031000000000000028,-0.02100000000000002,0.030000000000000027
33,2,0.007400000000000073,-0.029208827352523947,0.004012204403888053,-0.0022100975853870386,0.007400000000000073,0.1050000000000001,0.07799999999999996,-0.05299999999999999,-0.016000000000000014,0.0,-0.0050000000000000044,0.04699999999999993,0.050000000000000044,-0.04400000000000004,-0.08799999999999997
33,3,0.007300000000000084,-0.04400515966415419,0.006978776754355653,0.0006635052032061273,0.007300000000000084,-0.03399999999999992,-0.0030000000000000027,0.033999999999999975,0.0050000000000000044,-0.09099999999999997,0.031000000000000028,0.018999999999999906,0.061000000000000054,0.017000000000000015,0.03400000000000003
34,1,0.0037000000000000366,-0.01807818140983608,0.005755428767206916,0.004957115347768992,0.0037000000000000366,-0.07099999999999995,-0.02400000000000002,-0.01899999999999996,0.04999999999999999,0.067,-0.062,0.0030000000000000027,-0.013000000000000012,0.016000000000000014,0.08999999999999997
34,4,0.0016000000000000458,0.008218521547317614,7.031244604627229e-05,-0.0005868915299820365,0.0016000000000000458,-0.020000000000000018,0.028999999999999915,0.040000000000000036,-0.0040000000000000036,-0.02799999999999997,-0.035999999999999976,0.019000000000000017,-0.041999999999999926,0.05799999999999994,0.0
34,0,0.013900000000000023,-0.15838851821422573,0.019254611010497524,0.00372859500595768,0.013900000000000023,0.049000000000000044,-0.05900000000000005,0.0050000000000000044,-0.03200000000000003,0.10999999999999999,0.10400000000000004,-0.039000000000000035,-0.02100000000000002,-0.019000000000000017,0.041000000000000036
34,3,0.0020000000000000018,-0.0026900413990023075,0.0010523732893923388,-0.0009394910815909707,0.0020000000000000018,-0.03400000000000003,0.0030000000000000027,0.04400000000000004,0.009000000000000008,-0.09600000000000003,-0.008999999999999952,0.0020000000000000018,0.05500000000000005,0.01200000000000001,0.03400000000000003
34,2,0.005600000000000049,-0.0357695404291154,0.004173576908220178,-0.00406545089206678,0.005599999999999938,0.10899999999999999,0.07599999999999996,-0.05299999999999999,-0.016000000000000014,-0.03999999999999998,0.03400000000000003,0.05400000000000005,0.05700000000000005,-0.06900000000000006,-0.09599999999999997
35,4,-0.005599999999999938,0.014264583969116451,-0.006385503284061067,-0.005605271487209351,-0.005599999999999827,-0.008000000000000007,0.015000000000000013,0.038000000000000034,0.006000000000000005,-0.03200000000000003,-0.044999999999999984,-0.008000000000000007,-0.04300000000000004,0.04299999999999993,-0.02200000000000002
35,1,0.005400000000000071,-0.056201198196411006,0.006697585887536994,0.00017233387199866446,0.005400000000000071,-0.08399999999999996,-0.010000000000000009,-0.007000000000000006,0.033999999999999975,0.066,-0.09700000000000003,0.050000000000000044,-0.01200000000000001,0.026999999999999913,0.08699999999999997
35,0,0.010500000000000065,-0.10604198670387266,0.015277682890022293,0.004877619171918091,0.010500000000000176,-0.0020000000000000018,-0.050000000000000044,-0.016000000000000014,-0.0040000000000000036,0.08900000000000002,0.08500000000000002,-0.026000000000000023,-0.02100000000000002,-0.007000000000000006,0.05699999999999994
35,3,0.0026000000000000467,-0.023648401212692072,0.0022760552535401324,-0.0019927794116728625,0.0026000000000001577,-0.038999999999999924,-0.007000000000000006,0.04400000000000004,0.0030000000000000027,-0.09600000000000003,0.04299999999999998,-0.008000000000000007,0.05800000000000005,0.01100000000000001,0.016999999999999904
35,2,0.007600000000000051,-0.04806378242969522,0.0052502777814518176,-0.0032640095103954048,0.007600000000000051,0.11199999999999999,0.07699999999999996,-0.051999999999999935,-0.014000000000000012,-0.03200000000000003,0.045999999999999985,0.01200000000000001,0.07600000000000007,-0.052000000000000046,-0.09700000000000009
36,0,0.008899999999999908,-0.10273010854721099,0.011896601689665665,0.0014885699493907278,0.008900000000000019,0.03200000000000003,-0.02400000000000002,-0.007000000000000006,-0.061999999999999944,0.119,0.08099999999999996,-0.03799999999999992,-0.015000000000000013,-0.0050000000000000044,0.008000000000000007
36,2,0.011399999999999966,-0.05215065896511106,0.00886266577582795,0.001949756503957123,0.011400000000000077,0.09100000000000008,0.06299999999999994,-0.049000000000000044,-0.016000000000000014,-0.0030000000000000027,0.035999999999999976,0.05300000000000005,0.05400000000000005,-0.05900000000000005,-0.05599999999999994
36,3,0.00649999999999995,-0.019115324354171737,0.008087477265545706,0.006844451616004221,0.006500000000000172,-0.03299999999999992,-0.02200000000000002,0.02899999999999997,0.052000000000000046,-0.07500000000000001,0.02899999999999997,-0.040999999999999925,0.06500000000000006,0.008999999999999897,0.052000000000000046
36,1,0.0030000000000000027,-0.029190769624710455,0.00336193155102138,0.0017213017238396633,0.0030000000000000027,-0.05999999999999994,-0.029000000000000026,-0.027000000000000024,0.068,0.026000000000000023,-0.07800000000000007,0.03700000000000003,-0.02200000000000002,0.02499999999999991,0.08999999999999997
36,4,0.0036999999999999256,-0.01958421049118053,0.002192507595692117,-0.0026712679703084774,0.0037000000000000366,0.027000000000000024,0.04299999999999993,0.011999999999999955,0.01200000000000001,-0.008000000000000007,-0.05500000000000005,0.01200000000000001,-0.028000000000000025,0.05399999999999994,-0.03200000000000003
37,2,0.007000000000000006,-0.019752858114242766,0.004620324112812324,-0.0009484105358150696,0.006999999999999895,0.08800000000000008,0.050999999999999934,-0.026000000000000023,-0.010000000000000009,-0.01699999999999996,0.008000000000000007,0.05400000000000005,0.04899999999999993,-0.04600000000000004,-0.08100000000000007
37,4,0.0044999999999999485,-0.012634300136566079,0.0035544043305654194,0.0017060936752903988,0.0044999999999999485,0.02200000000000002,0.04499999999999993,0.07800000000000001,-0.0030000000000000027,-0.030999999999999972,-0.031000000000000028,0.0010000000000000009,-0.04200000000000004,0.06099999999999994,-0.05500000000000005
37,0,0.0131,-0.1329256412982942,0.018596206104208313,0.00464290341497986,0.01309999999999989,0.03200000000000003,-0.019000000000000017,-0.039000000000000035,-0.03600000000000003,0.14400000000000002,0.10999999999999999,-0.04399999999999993,-0.025000000000000022,-0.013000000000000012,0.02100000000000002
37,3,0.008099999999999996,0.0011543370246887008,0.006486995921320848,0.004420557994771035,0.008099999999999996,-0.009000000000000008,0.0030000000000000027,0.018000000000000016,-0.0050000000000000044,-0.08200000000000002,0.01699999999999996,0.03300000000000003,0.040999999999999925,0.027000000000000024,0.03799999999999992
37,1,0.008599999999999941,-0.06348605523109452,0.011559066325421585,0.007707609710407071,0.008599999999999941,-0.08699999999999997,-0.049000000000000044,0.0010000000000000009,0.061,0.03200000000000003,-0.028000000000000025,0.017000000000000015,-0.013000000000000012,0.03599999999999992,0.11599999999999994
38,3,0.0009000000000000119,-0.029301094961166285,-0.00027353937580942844,-0.005882684323890386,0.0009000000000001229,-0.03300000000000003,0.0,0.01200000000000001,-0.0050000000000000044,-0.124,0.03700000000000003,0.025000000000000022,0.04600000000000004,0.04400000000000004,0.007000000000000006
38,2,0.005099999999999993,-0.020161768317222162,0.0035302172365875295,-0.0016571674064558284,0.005099999999999993,0.08799999999999997,0.06399999999999995,-0.03200000000000003,-0.013999999999999957,-0.05499999999999994,0.02100000000000002,0.026000000000000023,0.05900000000000005,-0.03600000000000003,-0.06999999999999995
38,4,0.0030999999999999917,-0.019381892108917054,0.0020352722902073905,0.0009614257947216931,0.0031000000000001027,0.031000000000000028,0.02400000000000002,0.04299999999999998,-0.006000000000000005,0.0040000000000000036,-0.05199999999999999,-0.020000000000000018,-0.03299999999999992,0.03700000000000003,0.0030000000000000027
38,0,0.009600000000000053,-0.1487593842029571,0.015038317662357303,0.0017393893217158007,0.009600000000000053,0.01200000000000001,-0.027000000000000024,-0.03500000000000003,0.0050000000000000044,0.138,0.08700000000000002,-0.06299999999999994,-0.016000000000000014,-0.026000000000000023,0.02100000000000002
38,1,-0.0020999999999999908,0.00043679628372217394,-0.0015375889373213658,-0.00122967680447994,-0.0020999999999999908,-0.07699999999999996,-0.018000000000000016,0.0030000000000000027,0.016000000000000014,0.03500000000000003,-0.11299999999999999,0.03700000000000003,-0.014000000000000012,0.03200000000000003,0.07800000000000001
39,0,0.014500000000000068,-0.13848639831542942,0.01997852096885755,0.005105296619994482,0.014500000000000068,0.05600000000000005,-0.05300000000000005,-0.052000000000000046,-0.0030000000000000027,0.12,0.08600000000000002,-0.03400000000000003,-0.0119999999999999,-0.02100000000000002,0.05799999999999994
39,1,0.0048000000000000265,-0.04587534680366501,0.005976005522122074,0.004270972648440785,0.0048000000000000265,-0.06099999999999994,-0.03400000000000003,-0.016000000000000014,0.059,0.04299999999999998,-0.04899999999999999,0.006000000000000005,-0.0010000000000000009,0.025000000000000022,0.07599999999999996
39,4,0.006099999999999994,0.0031519731044769017,0.004747537520650713,0.0030743379160033113,0.006099999999999994,0.006000000000000005,0.03699999999999992,0.07100000000000001,0.0040000000000000036,-0.02100000000000002,-0.035999999999999976,0.01100000000000001,-0.03599999999999992,0.05399999999999994,-0.029000000000000026
39,2,0.012700000000000045,-0.04363725419044506,0.011802969815566944,0.004981043964844223,0.012699999999999934,0.11099999999999999,0.05999999999999994,-0.040000000000000036,-0.014000000000000012,0.008000000000000007,0.020000000000000018,0.03499999999999992,0.05500000000000005,-0.06300000000000006,-0.04500000000000004
39,3,0.0010999999999999899,0.004263345861434953,-0.0008856846187093037,-0.003549271384893138,0.0010999999999999899,-0.03399999999999992,0.025999999999999912,0.03899999999999998,-0.018000000000000016,-0.10300000000000004,0.014000000000000012,0.014000000000000012,0.026000000000000023,0.02400000000000002,0.02300000000000002
40,1,0.005800000000000027,-0.027538977241515994,0.008157602496314253,0.004996275848517251,0.005800000000000138,-0.038999999999999924,-0.028000000000000025,-0.016000000000000014,0.064,0.056999999999999995,-0.066,0.006000000000000005,-0.007000000000000006,0.02300000000000002,0.06399999999999995
40,2,0.0048000000000000265,-0.033662467455863876,0.0022088732000420386,-0.0027160709580318354,0.0048000000000000265,0.09700000000000009,0.06299999999999994,-0.019000000000000017,-0.015000000000000013,-0.04200000000000004,0.019000000000000017,0.03700000000000003,0.049000000000000044,-0.04699999999999993,-0.09400000000000008
40,3,0.0008000000000000229,0.001966751575470216,-2.048387097575155e-05,-0.0010105587892913492,0.0008000000000000229,-0.02300000000000002,-0.0010000000000000009,0.017000000000000015,-0.008000000000000007,-0.08400000000000002,0.020000000000000018,0.0,0.018000000000000016,0.027000000000000024,0.041999999999999926
40,0,0.00660000000000005,-0.09609459905624362,0.011450698743595944,0.0029135356169367466,0.006599999999999939,0.007000000000000006,-0.04600000000000004,-0.009000000000000008,-0.0020000000000000018,0.08799999999999997,0.07100000000000001,-0.03500000000000003,-0.02499999999999991,-0.017999999999999905,0.03499999999999992
40,4,-0.0010000000000000009,-0.023882220745086613,-0.0026397203648904632,-0.005846134048913543,-0.0010000000000000009,-0.0050000000000000044,0.01100000000000001,0.05399999999999999,-0.04200000000000004,-0.027000000000000024,-0.01799999999999996,0.007000000000000006,-0.029999999999999916,0.03400000000000003,0.006000000000000005
41,0,0.011099999999999999,-0.14207747259140024,0.017656967974166937,0.0027077598565852234,0.011099999999999999,0.02200000000000002,-0.02100000000000002,-0.02100000000000002,-0.0050000000000000044,0.11100000000000004,0.09399999999999997,-0.04800000000000004,-0.03300000000000003,-0.030000000000000027,0.041999999999999926
41,2,0.0016999999999999238,-0.00393998258113859,-0.0009828022818552107,-0.0027042998919057926,0.0017000000000000348,0.08299999999999996,0.062000000000000055,-0.03400000000000003,-0.015000000000000013,-0.03699999999999998,0.006000000000000005,0.027000000000000024,0.039999999999999925,-0.03400000000000003,-0.08100000000000007
41,4,0.006000000000000005,-0.019380369520187735,0.00499408853259431,0.002398145998063095,0.006000000000000116,0.0050000000000000044,0.05400000000000005,0.03899999999999998,0.0010000000000000009,-0.00599999999999995,-0.02400000000000002,0.008000000000000007,-0.04200000000000004,0.06399999999999995,-0.039000000000000035
41,3,-0.0007000000000000339,0.010452376031875321,-0.0024225371823928254,-0.00217991645231308,-0.0006999999999998119,-0.010000000000000009,-0.008000000000000007,-0.0040000000000000036,-0.045999999999999985,-0.07599999999999996,0.02799999999999997,0.029000000000000026,0.040999999999999925,-0.01200000000000001,0.050999999999999934
41,1,0.0032999999999999696,-0.039547254657745334,0.005661688202766468,0.0013449695316705146,0.0033000000000000806,-0.07599999999999996,-0.03500000000000003,-0.016000000000000014,0.017000000000000015,0.04300000000000004,-0.031000000000000028,-0.013000000000000012,0.0040000000000000036,0.04499999999999993,0.09499999999999997
42,0,0.011900000000000022,-0.12309507908821127,0.016971098165252663,0.006402049282132949,0.01189999999999991,0.027000000000000024,-0.03200000000000003,-0.03500000000000003,-0.019000000000000017,0.12,0.08400000000000002,-0.04500000000000004,-0.014000000000000012,-0.028000000000000025,0.06099999999999994
42,2,0.00990000000000002,-0.05222329025268557,0.008182182330932597,-0.001960874977030125,0.009899999999999909,0.10599999999999998,0.06699999999999995,-0.050000000000000044,-0.008000000000000007,-0.030999999999999972,0.02100000000000002,0.03299999999999992,0.07900000000000007,-0.05700000000000005,-0.061000000000000054
42,4,0.0040000000000000036,-0.04797927832603488,0.0027312403591529533,7.142949582550351e-05,0.0039999999999998925,0.017000000000000015,0.05399999999999994,0.04200000000000004,0.020999999999999963,-0.01699999999999996,-0.07,0.02299999999999991,-0.04799999999999993,0.07399999999999995,-0.05600000000000005
42,1,0.0007000000000000339,-0.0009553203105929775,0.0032885235895608877,0.004110928672350189,0.0006999999999999229,-0.08899999999999997,-0.02300000000000002,0.017000000000000015,0.07299999999999995,0.02300000000000002,-0.067,0.010000000000000009,-0.01100000000000001,0.009000000000000008,0.06499999999999995
42,3,0.0029000000000000137,0.004858652544021513,0.0016332461906275464,-0.0004983552813110359,0.0029000000000000137,-0.041000000000000036,0.009000000000000008,0.0010000000000000009,-0.0030000000000000027,-0.07400000000000001,0.03400000000000003,0.0030000000000000027,0.05500000000000005,0.027000000000000024,0.018000000000000016
43,2,0.0038000000000000256,-0.02280084033012386,0.0015530234968963441,-0.005898868695248027,0.0038000000000000256,0.08800000000000008,0.05500000000000005,-0.050000000000000044,-0.017000000000000015,-0.032999999999999974,0.016000000000000014,0.03599999999999992,0.050000000000000044,-0.04700000000000004,-0.05999999999999994
43,3,0.0014000000000000679,-0.027120506286621104,0.0018069334124128922,-0.0012763430144218102,0.0013999999999999568,-0.04999999999999993,-0.03299999999999992,0.04899999999999999,0.008000000000000007,-0.12799999999999995,0.03799999999999998,0.0010000000000000009,0.030000000000000027,0.030000000000000027,0.06900000000000006
43,1,0.0039000000000000146,-0.022656910133362018,0.005357664503930604,0.003760140421595004,0.0038999999999999035,-0.07299999999999995,-0.010999999999999899,-0.0050000000000000044,0.056999999999999995,0.059,-0.065,0.025999999999999912,-0.020999999999999908,0.017000000000000015,0.05500000000000005
43,4,0.0032000000000000917,-0.03960293850898733,0.002509981157138519,0.00017609817081520873,0.0031999999999998696,0.0030000000000000027,0.04600000000000004,0.015000000000000013,0.03199999999999997,0.007000000000000006,-0.059,-0.008000000000000007,-0.027999999999999914,0.04699999999999993,-0.02300000000000002
43,0,0.005300000000000082,-0.10095959005355848,0.008373795782331883,0.00018583365272939467,0.005299999999999971,0.03300000000000003,-0.04299999999999993,-0.015000000000000013,-0.029000000000000026,0.08500000000000002,0.07600000000000001,-0.031000000000000028,-0.005999999999999894,-0.02200000000000002,0.0050000000000000044
44,2,0.006399999999999961,-0.011343605923652689,0.004996382519247389,0.0029849351570365723,0.006399999999999961,0.07800000000000007,0.03600000000000003,-0.018000000000000016,-0.028000000000000025,0.0010000000000000009,0.02999999999999997,0.02300000000000002,0.06000000000000005,-0.05899999999999994,-0.05900000000000005
44,1,0.0050000000000000044,-0.04750846416950205,0.007446647282378871,0.004324856333202565,0.0050000000000000044,-0.06499999999999995,-0.010000000000000009,0.0020000000000000018,0.07600000000000001,0.0050000000000000044,-0.061000000000000054,0.007000000000000006,0.008000000000000007,0.01100000000000001,0.07699999999999996
44,4,0.005499999999999949,-0.043124311518669245,0.004347127856333177,0.001023150677616158,0.00550000000000006,0.026000000000000023,0.03600000000000003,0.066,-0.0030000000000000027,-0.023999999999999966,-0.027000000000000024,0.016000000000000014,-0.04499999999999993,0.04700000000000004,-0.03700000000000003
44,3,0.00029999999999996696,0.017958548951149123,-0.0011371278912130078,-0.003558873054101408,0.000300000000000078,-0.040999999999999925,0.0020000000000000018,0.023999999999999966,-0.0040000000000000036,-0.09900000000000003,-0.0030000000000000027,0.017000000000000015,0.06900000000000006,0.02400000000000002,0.014000000000000012
44,0,0.01419999999999999,-0.14933569080829612,0.019156827489467343,0.008796383627438287,0.01419999999999999,0.029000000000000026,-0.038000000000000034,-0.03700000000000003,-0.02200000000000002,0.13,0.09699999999999998,-0.04300000000000004,0.008000000000000007,-0.02399999999999991,0.041999999999999926
45,3,0.00040000000000006697,0.010531047534942495,-0.0015809608645485085,-0.0016105485650373952,0.00039999999999995595,-0.04500000000000004,0.016000000000000014,0.0040000000000000036,0.015000000000000013,-0.08100000000000002,-0.0020000000000000018,0.030000000000000027,0.027000000000000024,0.019999999999999907,0.020000000000000018
45,4,0.007199999999999984,-0.02912302479743989,0.007065454152921813,0.0036283435027801847,0.007200000000000095,0.015000000000000013,0.04999999999999993,0.04799999999999999,0.02300000000000002,-0.007000000000000006,-0.020999999999999963,-0.008000000000000007,-0.040999999999999925,0.04799999999999993,-0.03500000000000003
45,1,0.00770000000000004,-0.03101434512138379,0.010060014222682101,0.007404638152301413,0.00770000000000004,-0.08699999999999997,-0.03300000000000003,-0.0030000000000000027,0.055999999999999994,0.069,-0.04099999999999998,0.020000000000000018,0.0,0.03199999999999992,0.06400000000000006
45,2,0.010099999999999998,-0.027067156410217397,0.00898061050810628,0.001920281435611404,0.010100000000000109,0.11299999999999999,0.06499999999999995,-0.025000000000000022,0.013000000000000012,-0.02999999999999997,0.03500000000000003,0.03500000000000003,0.026000000000000023,-0.05700000000000005,-0.07399999999999995
45,0,0.011700000000000044,-0.12059599328041104,0.015176710171439511,0.003920480577121022,0.011700000000000044,0.014000000000000012,-0.030000000000000027,0.0030000000000000027,-0.035999999999999976,0.10899999999999999,0.08300000000000002,-0.04400000000000004,-0.013999999999999901,-0.018000000000000016,0.050000000000000044
46,3,0.0044000000000000705,-0.025565454411506483,0.00509501921988087,0.0004097440972046229,0.0043999999999998485,-0.03799999999999992,0.019999999999999907,0.013999999999999957,0.006000000000000005,-0.08599999999999997,0.07600000000000001,-0.013000000000000012,0.038000000000000034,0.0030000000000000027,0.02400000000000002
46,0,0.008099999999999996,-0.09986050391197221,0.012044007027508963,0.004386223197519246,0.008099999999999885,0.03200000000000003,-0.04700000000000004,-0.0050000000000000044,-0.049000000000000044,0.10699999999999998,0.10599999999999998,-0.031000000000000028,-0.03400000000000003,-0.04500000000000004,0.04700000000000004
46,4,0.006000000000000005,-0.04770649844408048,0.004233483265926208,0.00010789984254166995,0.005999999999999894,0.007000000000000006,0.02199999999999991,0.03699999999999998,0.010999999999999954,-0.017000000000000015,-0.05300000000000005,0.02300000000000002,-0.04500000000000004,0.08399999999999996,-0.008999999999999897
46,1,0.011400000000000077,-0.0966587229728697,0.01417421826169385,0.003896138141477379,0.011399999999999966,-0.07299999999999995,-0.0010000000000000009,0.010000000000000009,0.07799999999999996,0.07100000000000001,-0.10699999999999998,0.01100000000000001,-0.0050000000000000044,0.01200000000000001,0.11800000000000005
46,2,0.007099999999999995,-0.03463934254646306,0.0052418896819450556,-0.0014067620877311615,0.007099999999999995,0.09600000000000009,0.06399999999999995,-0.04400000000000004,-0.006000000000000005,0.0010000000000000009,0.015000000000000013,0.03699999999999992,0.06799999999999995,-0.05500000000000005,-0.10499999999999998
47,1,0.0045000000000000595,-0.043119272422790456,0.00698545852895982,0.006060231718109765,0.0044999999999998375,-0.07299999999999995,-0.027000000000000024,-0.03400000000000003,0.064,0.06,-0.055999999999999994,0.02100000000000002,-0.029000000000000026,0.03700000000000003,0.08199999999999996
47,4,0.0035000000000000586,0.008874320030212601,0.001985380274749704,0.00010746453845156267,0.0034999999999998366,-0.04299999999999993,0.03600000000000003,0.032999999999999974,-0.016000000000000014,-0.02400000000000002,-0.007000000000000006,0.008000000000000007,-0.02300000000000002,0.07899999999999996,-0.008000000000000007
47,2,0.010400000000000076,-0.03631766033172612,0.008814548895049623,0.0006919897553444576,0.010399999999999743,0.11299999999999999,0.07199999999999995,-0.04300000000000004,0.0020000000000000018,-0.01100000000000001,-0.01200000000000001,0.04599999999999993,0.06400000000000006,-0.05300000000000005,-0.07399999999999995
47,3,-0.0013999999999999568,-0.0017990185737608577,-0.0032918923573040937,-0.003991903995475776,-0.0014000000000000679,-0.031000000000000028,0.0,0.018000000000000016,-0.015000000000000013,-0.08500000000000002,0.0010000000000000009,0.006000000000000005,0.04200000000000004,0.03700000000000003,0.013000000000000012
47,0,0.010199999999999987,-0.12643150577545148,0.01539847904598235,0.0014470513728717105,0.010199999999999876,0.03300000000000003,-0.03600000000000003,-0.006000000000000005,-0.04499999999999993,0.08999999999999997,0.10399999999999998,-0.03200000000000003,-0.0020000000000000018,-0.03300000000000003,0.029000000000000026
48,1,0.0041999999999999815,-0.043827587080001784,0.006091358665042068,0.0005981028144013134,0.0042000000000000925,-0.05900000000000005,-0.015000000000000013,-0.01200000000000001,0.057999999999999996,0.03699999999999998,-0.07000000000000006,-0.0020000000000000018,0.0,0.03199999999999992,0.07299999999999995
48,3,0.0050000000000000044,-0.019586019229889118,0.00372138155917745,-9.843990003044478e-05,0.0050000000000000044,-0.02200000000000002,-0.0050000000000000044,0.02300000000000002,-0.010000000000000009,-0.08599999999999997,0.01599999999999996,0.027999999999999914,0.040000000000000036,0.027999999999999914,0.03799999999999992
48,2,0.0047000000000000375,-0.02384054126739521,0.0030272530826139787,0.0005041145311507345,0.0047000000000001485,0.08299999999999996,0.052000000000000046,-0.04200000000000004,-0.018000000000000016,-0.016000000000000014,0.03199999999999997,0.03199999999999992,0.061000000000000054,-0.05800000000000005,-0.07900000000000007
48,0,0.009199999999999986,-0.11109984188079869,0.013559737717187215,0.005330611306501698,0.009200000000000097,0.03199999999999992,-0.03200000000000003,-0.01100000000000001,-0.02100000000000002,0.122,0.07499999999999996,-0.06000000000000005,-0.0020000000000000018,-0.015000000000000013,0.0039999999999998925
48,4,0.005700000000000038,-0.02108140902519251,0.004752969675111851,0.0018562466364850927,0.005700000000000149,-0.010000000000000009,0.039000000000000035,0.059,0.013000000000000012,-0.006000000000000005,-0.04700000000000004,0.0010000000000000009,-0.027999999999999914,0.05999999999999994,-0.02400000000000002
49,1,0.008299999999999974,-0.07054661889076197,0.01128678830835983,0.0017895501052963558,0.008299999999999974,-0.06499999999999995,-0.017000000000000015,-0.028000000000000025,0.055999999999999994,0.068,-0.061000000000000054,0.006000000000000005,-0.007999999999999896,0.03500000000000003,0.09699999999999998
49,2,0.005199999999999982,-0.013877772068977112,0.0033413047045450783,0.0006729092421365879,0.005199999999999871,0.07300000000000006,0.04499999999999993,-0.04799999999999993,-0.019999999999999962,-0.01100000000000001,0.04099999999999998,0.03299999999999992,0.04800000000000004,-0.05899999999999994,-0.050000000000000044
49,3,0.0029000000000000137,0.006328308534622185,0.0008178657857509375,-0.00046990617576592175,0.0028999999999999027,-0.03199999999999992,0.020000000000000018,0.03300000000000003,-0.009000000000000008,-0.09900000000000003,0.0010000000000000009,0.02400000000000002,0.03700000000000003,0.031000000000000028,0.02299999999999991
49,4,0.0025000000000000577,-0.03770631437301608,0.0020443433314155657,0.0019475408875223588,0.0024999999999999467,0.014000000000000012,0.02100000000000002,0.069,-0.006000000000000005,-0.02300000000000002,-0.030000000000000027,0.0010000000000000009,-0.03299999999999992,0.040000000000000036,-0.028000000000000025
49,0,0.008700000000000041,-0.0839211320400235,0.013726279633002658,0.005684515406280566,0.00869999999999993,0.02200000000000002,-0.03400000000000003,-0.0020000000000000018,0.0,0.09999999999999998,0.06999999999999995,-0.05500000000000005,-0.016999999999999904,-0.015999999999999903,0.018999999999999906
